ϵ_π,ϵ_y,π,y,Eπ,Ey,Eπ_lead,r,y_lag,path_number
0.0,0.0,-0.61,-3.5,0.0,0.0,0.0,0.0,NaN,1.0
0.0,0.0,-0.4578947368421052,-2.6533492822966505,0.0,0.0,0.0,0.0,-3.5,1.0
0.0,0.0,-0.34234449760765545,-2.010850991114149,0.0,0.0,0.0,0.0,-2.6533492822966505,1.0
0.0,0.0,-0.25452836637047155,-1.5232604459791745,0.0,0.0,0.0,0.0,-2.010850991114149,1.0
0.0,0.0,-0.18775299375948717,-1.1532110630556827,0.0,0.0,0.0,0.0,-1.5232604459791745,1.0
0.0,0.0,-0.13693941116495056,-0.8723492780702063,0.0,0.0,0.0,0.0,-1.1532110630556827,1.0
0.0,0.0,-0.09823362869625289,-0.6591605448222392,0.0,0.0,0.0,0.0,-0.8723492780702063,1.0
0.0,0.0,-0.06871115942646415,-0.49731971725773383,0.0,0.0,0.0,0.0,-0.6591605448222392,1.0
0.0,0.0,-0.04615281427744995,-0.37443933030654614,0.0,0.0,0.0,0.0,-0.49731971725773383,1.0
0.0,0.0,-0.028874576591708046,-0.28111980365826056,0.0,0.0,0.0,0.0,-0.37443933030654614,1.0
0.0,0.0,-0.015598512009257912,-0.21022874265737743,0.0,0.0,0.0,0.0,-0.28111980365826056,1.0
0.0,0.0,-0.005354815659356884,-0.15635407657004882,0.0,0.0,0.0,0.0,-0.21022874265737743,1.0
0.0,0.0,0.0025925138622584806,-0.11538910349271518,0.0,0.0,0.0,0.0,-0.15635407657004882,1.0
0.0,0.0,0.008802072670414988,-0.08421762514344686,0.0,0.0,0.0,0.0,-0.11538910349271518,1.0
0.0,0.0,0.01369784623956561,-0.060475029190403005,0.0,0.0,0.0,0.0,-0.08421762514344686,1.0
0.0,0.0,0.017601681788511323,-0.04236700006589095,0.0,0.0,0.0,0.0,-0.060475029190403005,1.0
0.0,0.0,0.020757928201900915,-0.028531957891374346,0.0,0.0,0.0,0.0,-0.04236700006589095,1.0
0.0,0.0,0.023352132733125926,-0.017936678001435266,0.0,0.0,0.0,0.0,-0.028531957891374346,1.0
0.0,0.0,0.025525228034944933,-0.00979708768460894,0.0,0.0,0.0,0.0,-0.017936678001435266,1.0
0.0,0.0,0.027384297283342504,-0.0035181672278910814,0.0,0.0,0.0,0.0,-0.00979708768460894,1.0
0.0,0.0,0.029010742783933747,0.0013516528213183467,0.0,0.0,0.0,0.0,-0.0035181672278910814,1.0
0.0,0.0,0.030466484360913506,0.005155094761100487,0.0,0.0,0.0,0.0,0.0013516528213183467,1.0
0.0,0.0,0.031798662760903665,0.008152290394444366,0.0,0.0,0.0,0.0,0.005155094761100487,1.0
0.0,0.0,0.03304320867492784,0.010540704461948975,0.0,0.0,0.0,0.0,0.008152290394444366,1.0
0.0,0.0,0.03422755100192673,0.012470252465601586,0.0,0.0,0.0,0.0,0.010540704461948975,1.0
0.0,0.0,0.035372671977522786,0.014054772029912723,0.0,0.0,0.0,0.0,0.012470252465601586,1.0
0.0,0.0,0.03649466671160752,0.015380727352946807,0.0,0.0,0.0,0.0,0.014054772029912723,1.0
0.0,0.0,0.03760592667785281,0.016513814145914577,0.0,0.0,0.0,0.0,0.015380727352946807,1.0
0.0,0.0,0.0387160378637443,0.017503971479044752,0.0,0.0,0.0,0.0,0.016513814145914577,1.0
0.0,0.0,0.039832462410307426,0.018389184800178947,0.0,0.0,0.0,0.0,0.017503971479044752,1.0
0.0,0.0,0.61,3.5,0.0,0.0,0.0,0.0,NaN,2.0
0.0,0.0,0.4578947368421052,2.6533492822966505,0.0,0.0,0.0,0.0,3.5,2.0
0.0,0.0,0.34234449760765545,2.010850991114149,0.0,0.0,0.0,0.0,2.6533492822966505,2.0
0.0,0.0,0.25452836637047155,1.5232604459791745,0.0,0.0,0.0,0.0,2.010850991114149,2.0
0.0,0.0,0.18775299375948717,1.1532110630556827,0.0,0.0,0.0,0.0,1.5232604459791745,2.0
0.0,0.0,0.13693941116495056,0.8723492780702063,0.0,0.0,0.0,0.0,1.1532110630556827,2.0
0.0,0.0,0.09823362869625289,0.6591605448222392,0.0,0.0,0.0,0.0,0.8723492780702063,2.0
0.0,0.0,0.06871115942646415,0.49731971725773383,0.0,0.0,0.0,0.0,0.6591605448222392,2.0
0.0,0.0,0.04615281427744995,0.37443933030654614,0.0,0.0,0.0,0.0,0.49731971725773383,2.0
0.0,0.0,0.028874576591708046,0.28111980365826056,0.0,0.0,0.0,0.0,0.37443933030654614,2.0
0.0,0.0,0.015598512009257912,0.21022874265737743,0.0,0.0,0.0,0.0,0.28111980365826056,2.0
0.0,0.0,0.005354815659356884,0.15635407657004882,0.0,0.0,0.0,0.0,0.21022874265737743,2.0
0.0,0.0,-0.0025925138622584806,0.11538910349271518,0.0,0.0,0.0,0.0,0.15635407657004882,2.0
0.0,0.0,-0.008802072670414988,0.08421762514344686,0.0,0.0,0.0,0.0,0.11538910349271518,2.0
0.0,0.0,-0.01369784623956561,0.060475029190403005,0.0,0.0,0.0,0.0,0.08421762514344686,2.0
0.0,0.0,-0.017601681788511323,0.04236700006589095,0.0,0.0,0.0,0.0,0.060475029190403005,2.0
0.0,0.0,-0.020757928201900915,0.028531957891374346,0.0,0.0,0.0,0.0,0.04236700006589095,2.0
0.0,0.0,-0.023352132733125926,0.017936678001435266,0.0,0.0,0.0,0.0,0.028531957891374346,2.0
0.0,0.0,-0.025525228034944933,0.00979708768460894,0.0,0.0,0.0,0.0,0.017936678001435266,2.0
0.0,0.0,-0.027384297283342504,0.0035181672278910814,0.0,0.0,0.0,0.0,0.00979708768460894,2.0
0.0,0.0,-0.029010742783933747,-0.0013516528213183467,0.0,0.0,0.0,0.0,0.0035181672278910814,2.0
0.0,0.0,-0.030466484360913506,-0.005155094761100487,0.0,0.0,0.0,0.0,-0.0013516528213183467,2.0
0.0,0.0,-0.031798662760903665,-0.008152290394444366,0.0,0.0,0.0,0.0,-0.005155094761100487,2.0
0.0,0.0,-0.03304320867492784,-0.010540704461948975,0.0,0.0,0.0,0.0,-0.008152290394444366,2.0
0.0,0.0,-0.03422755100192673,-0.012470252465601586,0.0,0.0,0.0,0.0,-0.010540704461948975,2.0
0.0,0.0,-0.035372671977522786,-0.014054772029912723,0.0,0.0,0.0,0.0,-0.012470252465601586,2.0
0.0,0.0,-0.03649466671160752,-0.015380727352946807,0.0,0.0,0.0,0.0,-0.014054772029912723,2.0
0.0,0.0,-0.03760592667785281,-0.016513814145914577,0.0,0.0,0.0,0.0,-0.015380727352946807,2.0
0.0,0.0,-0.0387160378637443,-0.017503971479044752,0.0,0.0,0.0,0.0,-0.016513814145914577,2.0
0.0,0.0,-0.039832462410307426,-0.018389184800178947,0.0,0.0,0.0,0.0,-0.017503971479044752,2.0
0.0,0.0,-0.0,-3.5,0.0,0.0,0.0,0.0,NaN,3.0
0.0,0.0,0.1842105263157895,-2.5657894736842106,0.0,0.0,0.0,0.0,-3.5,3.0
0.0,0.0,0.3289473684210526,-1.8544941900205059,0.0,0.0,0.0,0.0,-2.5657894736842106,3.0
0.0,0.0,0.4438653451811346,-1.3122802948930767,0.0,0.0,0.0,0.0,-1.8544941900205059,3.0
0.0,0.0,0.5362940630797772,-0.8982972616437366,0.0,0.0,0.0,0.0,-1.3122802948930767,3.0
0.0,0.0,0.6117988696441726,-0.5815461789925868,0.0,0.0,0.0,0.0,-0.8982972616437366,3.0
0.0,0.0,0.6746065037829494,-0.33850342743969447,0.0,0.0,0.0,0.0,-0.5815461789925868,3.0
0.0,0.0,0.7279280791104569,-0.15131753939484138,0.0,0.0,0.0,0.0,-0.33850342743969447,3.0
0.0,0.0,0.7742041642949462,-0.006440987278039273,0.0,0.0,0.0,0.0,-0.15131753939484138,3.0
0.0,0.0,0.8152907512198402,0.10640800796052056,0.0,0.0,0.0,0.0,-0.006440987278039273,3.0
0.0,0.0,0.85260036928612,0.19503325105524588,0.0,0.0,0.0,0.0,0.10640800796052056,3.0
0.0,0.0,0.8872091649824818,0.26535833172032564,0.0,0.0,0.0,0.0,0.19503325105524588,3.0
0.0,0.0,0.9199381562068057,0.3218802019250652,0.0,0.0,0.0,0.0,0.26535833172032564,3.0
0.0,0.0,0.9514148906426868,0.3680133488503497,0.0,0.0,0.0,0.0,0.3218802019250652,3.0
0.0,0.0,0.9821202349475466,0.40635095261583337,0.0,0.0,0.0,0.0,0.3680133488503497,3.0
0.0,0.0,1.0124238813860578,0.4365638278429193,0.0,0.0,0.0,0.0,0.40635095261583337,3.0
0.0,0.0,1.0427323052567492,0.4574531434069298,0.0,0.0,0.0,0.0,0.4365638278429193,3.0
0.0,0.0,1.0735364716698974,0.4714164598108166,0.0,0.0,0.0,0.0,0.4574531434069298,3.0
0.0,0.0,1.1052269986098489,0.4802095709666183,0.0,0.0,0.0,0.0,0.4714164598108166,3.0
0.0,0.0,1.1381226526963346,0.48511669607124663,0.0,0.0,0.0,0.0,0.4802095709666183,3.0
0.0,0.0,1.1724913872555496,0.48707544121886687,0.0,0.0,0.0,0.0,0.48511669607124663,3.0
0.0,0.0,1.2085659107311646,0.4867685452497863,0.0,0.0,0.0,0.0,0.48707544121886687,3.0
0.0,0.0,1.2465552457565001,0.48469123256689534,0.0,0.0,0.0,0.0,0.4867685452497863,3.0
0.0,0.0,1.2866533517138476,0.4812006517842351,0.0,0.0,0.0,0.0,0.48469123256689534,3.0
0.0,0.0,1.3290455990785641,0.476552157859179,0.0,0.0,0.0,0.0,0.4812006517842351,3.0
0.0,0.0,1.3739136749322158,0.47092593138931677,0.0,0.0,0.0,0.0,0.476552157859179,3.0
0.0,0.0,1.4214393456449999,0.4644465005587312,0.0,0.0,0.0,0.0,0.47092593138931677,3.0
0.0,0.0,1.4718073901232243,0.45719704959591667,0.0,0.0,0.0,0.0,0.4644465005587312,3.0
0.0,0.0,1.5252079343615035,0.44922989705339755,0.0,0.0,0.0,0.0,0.45719704959591667,3.0
0.0,0.0,1.5818383573777195,0.4405741596347689,0.0,0.0,0.0,0.0,0.44922989705339755,3.0
0.0,0.0,1.6419048941010326,0.4312413473545838,0.0,0.0,0.0,0.0,0.4405741596347689,3.0
0.0,0.0,1.7056240281403192,0.4212294375803257,0.0,0.0,0.0,0.0,0.4312413473545838,3.0
0.0,0.0,1.7732237434329503,0.41052582992474035,0.0,0.0,0.0,0.0,0.4212294375803257,3.0
0.0,0.0,1.8449446862491719,0.3991094770425429,0.0,0.0,0.0,0.0,0.41052582992474035,3.0
0.0,0.0,1.9210412762074154,0.38695240786554724,0.0,0.0,0.0,0.0,0.3991094770425429,3.0
0.0,0.0,2.0017827955938294,0.3740208021410303,0.0,0.0,0.0,0.0,0.38695240786554724,3.0
0.0,0.0,2.0874544794597663,0.3602757327800597,0.0,0.0,0.0,0.0,0.3740208021410303,3.0
0.0,0.0,2.1783586240218558,0.34567366140755124,0.0,0.0,0.0,0.0,0.3602757327800597,3.0
0.0,0.0,2.2748157273173453,0.3301667496466282,0.0,0.0,0.0,0.0,0.34567366140755124,3.0
0.0,0.0,2.377165673510541,0.3137030318726399,0.0,0.0,0.0,0.0,0.3301667496466282,3.0
0.0,0.0,2.4857689704388517,0.2962264828259061,0.0,0.0,0.0,0.0,0.3137030318726399,3.0
0.0,0.0,2.6010080487342697,0.27767700439380694,0.0,0.0,0.0,0.0,0.2962264828259061,3.0
0.0,0.0,2.7232886300153463,0.2579903491933695,0.0,0.0,0.0,0.0,0.27767700439380694,3.0
0.0,0.0,2.8530411711112396,0.2370979936669469,0.0,0.0,0.0,0.0,0.2579903491933695,3.0
0.0,0.0,2.990722390976728,0.21492696977731487,0.0,0.0,0.0,0.0,0.2370979936669469,3.0
0.0,0.0,3.1368168868293287,0.1913996617103501,0.0,0.0,0.0,0.0,0.21492696977731487,3.0
0.0,0.0,3.291838846046117,0.16643357201061054,0.0,0.0,0.0,0.0,0.1913996617103501,3.0
0.0,0.0,3.456333860469038,0.13994106010189492,0.0,0.0,0.0,0.0,0.16643357201061054,3.0
0.0,0.0,3.6308808499620455,0.1118290550448096,0.0,0.0,0.0,0.0,0.13994106010189492,3.0
0.0,0.0,3.8160941023261103,0.08199874355624978,0.0,0.0,0.0,0.0,0.1118290550448096,3.0
0.0,0.0,4.012625436998208,0.05034523368783083,0.0,0.0,0.0,0.0,0.08199874355624978,3.0
0.0,0.0,4.221166500330333,0.01675719407750163,0.0,0.0,0.0,0.0,0.05034523368783083,3.0
0.0,0.0,4.442451200659429,-0.018883531689029235,0.0,0.0,0.0,0.0,0.01675719407750163,3.0
0.0,0.0,4.677258291835663,-0.056702336372187155,0.0,0.0,0.0,0.0,-0.018883531689029235,3.0
0.0,0.0,4.9264141143729185,-0.09683228704043037,0.0,0.0,0.0,0.0,-0.056702336372187155,3.0
0.0,0.0,5.190795503920989,-0.13941459092218506,0.0,0.0,0.0,0.0,-0.09683228704043037,3.0
0.0,0.0,5.471332877333788,-0.18459909055280851,0.0,0.0,0.0,0.0,-0.13941459092218506,3.0
0.0,0.0,5.769013507222556,-0.2325447897869439,0.0,0.0,0.0,0.0,-0.18459909055280851,3.0
0.0,0.0,6.084884996538845,-0.28342041240099325,0.0,0.0,0.0,0.0,-0.2325447897869439,3.0
0.0,0.0,6.420058965430415,-0.33740499515871053,0.0,0.0,0.0,0.0,-0.28342041240099325,3.0
0.0,0.0,6.775714963356157,-0.3946885173588581,0.0,0.0,0.0,0.0,-0.33740499515871053,3.0
0.0,0.0,7.1531046202358946,-0.4554725690303837,0.0,0.0,0.0,0.0,-0.3946885173588581,3.0
0.0,0.0,7.553556051249909,-0.5199710600898574,0.0,0.0,0.0,0.0,-0.4554725690303837,3.0
0.0,0.0,7.978478530794107,-0.5884109729298673,0.0,0.0,0.0,0.0,-0.5199710600898574,3.0
0.0,0.0,8.429367452042737,-0.6610331610670482,0.0,0.0,0.0,0.0,-0.5884109729298673,3.0
0.0,0.0,8.90780958957483,-0.7380931966458102,0.0,0.0,0.0,0.0,-0.6610331610670482,3.0
0.0,0.0,9.415488683586442,-0.8198622697696148,0.0,0.0,0.0,0.0,-0.7380931966458102,3.0
0.0,0.0,9.954191365342025,-0.9066281428168915,0.0,0.0,0.0,0.0,-0.8198622697696148,3.0
0.0,0.0,10.525813444718809,-0.9986961630942648,0.0,0.0,0.0,0.0,-0.9066281428168915,3.0
0.0,0.0,11.132366581972128,-1.0963903373866055,0.0,0.0,0.0,0.0,-0.9986961630942648,3.0
0.0,0.0,11.775985367201534,-1.200054472182367,0.0,0.0,0.0,0.0,-1.0963903373866055,3.0
0.0,0.0,12.458934832432265,-1.3100533835846226,0.0,0.0,0.0,0.0,-1.200054472182367,3.0
0.0,0.0,13.183618422748943,-1.4267741811640526,0.0,0.0,0.0,0.0,-1.3100533835846226,3.0
0.0,0.0,13.952586454533837,-1.5506276302708175,0.0,0.0,0.0,0.0,-1.4267741811640526,3.0
0.0,0.0,14.768545090576186,-1.682049597598666,0.0,0.0,0.0,0.0,-1.5506276302708175,3.0
0.0,0.0,15.634365863638019,-1.8215025850878774,0.0,0.0,0.0,0.0,-1.682049597598666,3.0
0.0,0.0,16.553095781992013,-1.9694773575646631,0.0,0.0,0.0,0.0,-1.8215025850878774,3.0
0.0,0.0,17.527968052494995,-2.1264946698447016,0.0,0.0,0.0,0.0,-1.9694773575646631,3.0
0.0,0.0,18.562413458933925,-2.293107099378574,0.0,0.0,0.0,0.0,-2.1264946698447016,3.0
0.0,0.0,19.660072435687212,-2.4699009908883864,0.0,0.0,0.0,0.0,-2.293107099378574,3.0
0.0,0.0,20.82480787919119,-2.657498519839026,0.0,0.0,0.0,0.0,-2.4699009908883864,3.0
0.0,0.0,22.060718742298043,-2.856559882005742,0.0,0.0,0.0,0.0,-2.657498519839026,3.0
0.0,0.0,23.372154459366662,-3.0677856168435356,0.0,0.0,0.0,0.0,-2.856559882005742,3.0
0.0,0.0,24.76373025285141,-3.291919072834731,0.0,0.0,0.0,0.0,-3.0677856168435356,3.0
0.0,0.0,26.240343375255943,-3.5297490234907714,0.0,0.0,0.0,0.0,-3.291919072834731,3.0
0.0,0.0,27.80719034361103,-3.782112443214486,0.0,0.0,0.0,0.0,-3.5297490234907714,3.0
0.0,0.0,29.46978522712816,-4.049897452791641,0.0,0.0,0.0,0.0,-3.782112443214486,3.0
0.0,0.0,31.233979052387095,-4.3340464448775995,0.0,0.0,0.0,0.0,-4.049897452791641,3.0
0.0,0.0,33.10598039434839,-4.635559400478306,0.0,0.0,0.0,0.0,-4.3340464448775995,3.0
0.0,0.0,35.092377225655056,-4.9554974080970124,0.0,0.0,0.0,0.0,-4.635559400478306,3.0
0.0,0.0,37.20016010111569,-5.294986397931345,0.0,0.0,0.0,0.0,-4.9554974080970124,3.0
0.0,0.0,39.43674675896027,-5.655221104262178,0.0,0.0,0.0,0.0,-5.294986397931345,3.0
0.0,0.0,41.81000822544566,-6.03746926997877,0.0,0.0,0.0,0.0,-5.655221104262178,3.0
0.0,0.0,44.32829651467851,-6.443076108036809,0.0,0.0,0.0,0.0,-6.03746926997877,3.0
0.0,0.0,47.00047402113721,-6.873469035550163,0.0,0.0,0.0,0.0,-6.443076108036809,3.0
0.0,0.0,49.835944708331276,-7.330162697176643,0.0,0.0,0.0,0.0,-6.873469035550163,3.0
0.0,0.0,52.844687203358006,-7.814764295476121,0.0,0.0,0.0,0.0,-7.330162697176643,3.0
0.0,0.0,56.03728991382295,-8.328979246999678,0.0,0.0,0.0,0.0,-7.814764295476121,3.0
0.0,0.0,59.42498829070835,-8.874617184014776,0.0,0.0,0.0,0.0,-8.328979246999678,3.0
0.0,0.0,63.01970436832536,-9.453598322987824,0.0,0.0,0.0,0.0,-8.874617184014776,3.0
0.0,0.0,0.0,3.5,0.0,0.0,0.0,0.0,NaN,4.0
0.0,0.0,-0.1842105263157895,2.5657894736842106,0.0,0.0,0.0,0.0,3.5,4.0
0.0,0.0,-0.3289473684210526,1.8544941900205059,0.0,0.0,0.0,0.0,2.5657894736842106,4.0
0.0,0.0,-0.4438653451811346,1.3122802948930767,0.0,0.0,0.0,0.0,1.8544941900205059,4.0
0.0,0.0,-0.5362940630797772,0.8982972616437366,0.0,0.0,0.0,0.0,1.3122802948930767,4.0
0.0,0.0,-0.6117988696441726,0.5815461789925868,0.0,0.0,0.0,0.0,0.8982972616437366,4.0
0.0,0.0,-0.6746065037829494,0.33850342743969447,0.0,0.0,0.0,0.0,0.5815461789925868,4.0
0.0,0.0,-0.7279280791104569,0.15131753939484138,0.0,0.0,0.0,0.0,0.33850342743969447,4.0
0.0,0.0,-0.7742041642949462,0.006440987278039273,0.0,0.0,0.0,0.0,0.15131753939484138,4.0
0.0,0.0,-0.8152907512198402,-0.10640800796052056,0.0,0.0,0.0,0.0,0.006440987278039273,4.0
0.0,0.0,-0.85260036928612,-0.19503325105524588,0.0,0.0,0.0,0.0,-0.10640800796052056,4.0
0.0,0.0,-0.8872091649824818,-0.26535833172032564,0.0,0.0,0.0,0.0,-0.19503325105524588,4.0
0.0,0.0,-0.9199381562068057,-0.3218802019250652,0.0,0.0,0.0,0.0,-0.26535833172032564,4.0
0.0,0.0,-0.9514148906426868,-0.3680133488503497,0.0,0.0,0.0,0.0,-0.3218802019250652,4.0
0.0,0.0,-0.9821202349475466,-0.40635095261583337,0.0,0.0,0.0,0.0,-0.3680133488503497,4.0
0.0,0.0,-1.0124238813860578,-0.4365638278429193,0.0,0.0,0.0,0.0,-0.40635095261583337,4.0
0.0,0.0,-1.0427323052567492,-0.4574531434069298,0.0,0.0,0.0,0.0,-0.4365638278429193,4.0
0.0,0.0,-1.0735364716698974,-0.4714164598108166,0.0,0.0,0.0,0.0,-0.4574531434069298,4.0
0.0,0.0,-1.1052269986098489,-0.4802095709666183,0.0,0.0,0.0,0.0,-0.4714164598108166,4.0
0.0,0.0,-1.1381226526963346,-0.48511669607124663,0.0,0.0,0.0,0.0,-0.4802095709666183,4.0
0.0,0.0,-1.1724913872555496,-0.48707544121886687,0.0,0.0,0.0,0.0,-0.48511669607124663,4.0
0.0,0.0,-1.2085659107311646,-0.4867685452497863,0.0,0.0,0.0,0.0,-0.48707544121886687,4.0
0.0,0.0,-1.2465552457565001,-0.48469123256689534,0.0,0.0,0.0,0.0,-0.4867685452497863,4.0
0.0,0.0,-1.2866533517138476,-0.4812006517842351,0.0,0.0,0.0,0.0,-0.48469123256689534,4.0
0.0,0.0,-1.3290455990785641,-0.476552157859179,0.0,0.0,0.0,0.0,-0.4812006517842351,4.0
0.0,0.0,-1.3739136749322158,-0.47092593138931677,0.0,0.0,0.0,0.0,-0.476552157859179,4.0
0.0,0.0,-1.4214393456449999,-0.4644465005587312,0.0,0.0,0.0,0.0,-0.47092593138931677,4.0
0.0,0.0,-1.4718073901232243,-0.45719704959591667,0.0,0.0,0.0,0.0,-0.4644465005587312,4.0
0.0,0.0,-1.5252079343615035,-0.44922989705339755,0.0,0.0,0.0,0.0,-0.45719704959591667,4.0
0.0,0.0,-1.5818383573777195,-0.4405741596347689,0.0,0.0,0.0,0.0,-0.44922989705339755,4.0
0.0,0.0,-1.6419048941010326,-0.4312413473545838,0.0,0.0,0.0,0.0,-0.4405741596347689,4.0
0.0,0.0,-1.7056240281403192,-0.4212294375803257,0.0,0.0,0.0,0.0,-0.4312413473545838,4.0
0.0,0.0,-1.7732237434329503,-0.41052582992474035,0.0,0.0,0.0,0.0,-0.4212294375803257,4.0
0.0,0.0,-1.8449446862491719,-0.3991094770425429,0.0,0.0,0.0,0.0,-0.41052582992474035,4.0
0.0,0.0,-1.9210412762074154,-0.38695240786554724,0.0,0.0,0.0,0.0,-0.3991094770425429,4.0
0.0,0.0,-2.0017827955938294,-0.3740208021410303,0.0,0.0,0.0,0.0,-0.38695240786554724,4.0
0.0,0.0,-2.0874544794597663,-0.3602757327800597,0.0,0.0,0.0,0.0,-0.3740208021410303,4.0
0.0,0.0,-2.1783586240218558,-0.34567366140755124,0.0,0.0,0.0,0.0,-0.3602757327800597,4.0
0.0,0.0,-2.2748157273173453,-0.3301667496466282,0.0,0.0,0.0,0.0,-0.34567366140755124,4.0
0.0,0.0,-2.377165673510541,-0.3137030318726399,0.0,0.0,0.0,0.0,-0.3301667496466282,4.0
0.0,0.0,-2.4857689704388517,-0.2962264828259061,0.0,0.0,0.0,0.0,-0.3137030318726399,4.0
0.0,0.0,-2.6010080487342697,-0.27767700439380694,0.0,0.0,0.0,0.0,-0.2962264828259061,4.0
0.0,0.0,-2.7232886300153463,-0.2579903491933695,0.0,0.0,0.0,0.0,-0.27767700439380694,4.0
0.0,0.0,-2.8530411711112396,-0.2370979936669469,0.0,0.0,0.0,0.0,-0.2579903491933695,4.0
0.0,0.0,-2.990722390976728,-0.21492696977731487,0.0,0.0,0.0,0.0,-0.2370979936669469,4.0
0.0,0.0,-3.1368168868293287,-0.1913996617103501,0.0,0.0,0.0,0.0,-0.21492696977731487,4.0
0.0,0.0,-3.291838846046117,-0.16643357201061054,0.0,0.0,0.0,0.0,-0.1913996617103501,4.0
0.0,0.0,-3.456333860469038,-0.13994106010189492,0.0,0.0,0.0,0.0,-0.16643357201061054,4.0
0.0,0.0,-3.6308808499620455,-0.1118290550448096,0.0,0.0,0.0,0.0,-0.13994106010189492,4.0
0.0,0.0,-3.8160941023261103,-0.08199874355624978,0.0,0.0,0.0,0.0,-0.1118290550448096,4.0
0.0,0.0,-4.012625436998208,-0.05034523368783083,0.0,0.0,0.0,0.0,-0.08199874355624978,4.0
0.0,0.0,-4.221166500330333,-0.01675719407750163,0.0,0.0,0.0,0.0,-0.05034523368783083,4.0
0.0,0.0,-4.442451200659429,0.018883531689029235,0.0,0.0,0.0,0.0,-0.01675719407750163,4.0
0.0,0.0,-4.677258291835663,0.056702336372187155,0.0,0.0,0.0,0.0,0.018883531689029235,4.0
0.0,0.0,-4.9264141143729185,0.09683228704043037,0.0,0.0,0.0,0.0,0.056702336372187155,4.0
0.0,0.0,-5.190795503920989,0.13941459092218506,0.0,0.0,0.0,0.0,0.09683228704043037,4.0
0.0,0.0,-5.471332877333788,0.18459909055280851,0.0,0.0,0.0,0.0,0.13941459092218506,4.0
0.0,0.0,-5.769013507222556,0.2325447897869439,0.0,0.0,0.0,0.0,0.18459909055280851,4.0
0.0,0.0,-6.084884996538845,0.28342041240099325,0.0,0.0,0.0,0.0,0.2325447897869439,4.0
0.0,0.0,-6.420058965430415,0.33740499515871053,0.0,0.0,0.0,0.0,0.28342041240099325,4.0
0.0,0.0,-6.775714963356157,0.3946885173588581,0.0,0.0,0.0,0.0,0.33740499515871053,4.0
0.0,0.0,-7.1531046202358946,0.4554725690303837,0.0,0.0,0.0,0.0,0.3946885173588581,4.0
0.0,0.0,-7.553556051249909,0.5199710600898574,0.0,0.0,0.0,0.0,0.4554725690303837,4.0
0.0,0.0,-7.978478530794107,0.5884109729298673,0.0,0.0,0.0,0.0,0.5199710600898574,4.0
0.0,0.0,-8.429367452042737,0.6610331610670482,0.0,0.0,0.0,0.0,0.5884109729298673,4.0
0.0,0.0,-8.90780958957483,0.7380931966458102,0.0,0.0,0.0,0.0,0.6610331610670482,4.0
0.0,0.0,-9.415488683586442,0.8198622697696148,0.0,0.0,0.0,0.0,0.7380931966458102,4.0
0.0,0.0,-9.954191365342025,0.9066281428168915,0.0,0.0,0.0,0.0,0.8198622697696148,4.0
0.0,0.0,-10.525813444718809,0.9986961630942648,0.0,0.0,0.0,0.0,0.9066281428168915,4.0
0.0,0.0,-11.132366581972128,1.0963903373866055,0.0,0.0,0.0,0.0,0.9986961630942648,4.0
0.0,0.0,-11.775985367201534,1.200054472182367,0.0,0.0,0.0,0.0,1.0963903373866055,4.0
0.0,0.0,-12.458934832432265,1.3100533835846226,0.0,0.0,0.0,0.0,1.200054472182367,4.0
0.0,0.0,-13.183618422748943,1.4267741811640526,0.0,0.0,0.0,0.0,1.3100533835846226,4.0
0.0,0.0,-13.952586454533837,1.5506276302708175,0.0,0.0,0.0,0.0,1.4267741811640526,4.0
0.0,0.0,-14.768545090576186,1.682049597598666,0.0,0.0,0.0,0.0,1.5506276302708175,4.0
0.0,0.0,-15.634365863638019,1.8215025850878774,0.0,0.0,0.0,0.0,1.682049597598666,4.0
0.0,0.0,-16.553095781992013,1.9694773575646631,0.0,0.0,0.0,0.0,1.8215025850878774,4.0
0.0,0.0,-17.527968052494995,2.1264946698447016,0.0,0.0,0.0,0.0,1.9694773575646631,4.0
0.0,0.0,-18.562413458933925,2.293107099378574,0.0,0.0,0.0,0.0,2.1264946698447016,4.0
0.0,0.0,-19.660072435687212,2.4699009908883864,0.0,0.0,0.0,0.0,2.293107099378574,4.0
0.0,0.0,-20.82480787919119,2.657498519839026,0.0,0.0,0.0,0.0,2.4699009908883864,4.0
0.0,0.0,-22.060718742298043,2.856559882005742,0.0,0.0,0.0,0.0,2.657498519839026,4.0
0.0,0.0,-23.372154459366662,3.0677856168435356,0.0,0.0,0.0,0.0,2.856559882005742,4.0
0.0,0.0,-24.76373025285141,3.291919072834731,0.0,0.0,0.0,0.0,3.0677856168435356,4.0
0.0,0.0,-26.240343375255943,3.5297490234907714,0.0,0.0,0.0,0.0,3.291919072834731,4.0
0.0,0.0,-27.80719034361103,3.782112443214486,0.0,0.0,0.0,0.0,3.5297490234907714,4.0
0.0,0.0,-29.46978522712816,4.049897452791641,0.0,0.0,0.0,0.0,3.782112443214486,4.0
0.0,0.0,-31.233979052387095,4.3340464448775995,0.0,0.0,0.0,0.0,4.049897452791641,4.0
0.0,0.0,-33.10598039434839,4.635559400478306,0.0,0.0,0.0,0.0,4.3340464448775995,4.0
0.0,0.0,-35.092377225655056,4.9554974080970124,0.0,0.0,0.0,0.0,4.635559400478306,4.0
0.0,0.0,-37.20016010111569,5.294986397931345,0.0,0.0,0.0,0.0,4.9554974080970124,4.0
0.0,0.0,-39.43674675896027,5.655221104262178,0.0,0.0,0.0,0.0,5.294986397931345,4.0
0.0,0.0,-41.81000822544566,6.03746926997877,0.0,0.0,0.0,0.0,5.655221104262178,4.0
0.0,0.0,-44.32829651467851,6.443076108036809,0.0,0.0,0.0,0.0,6.03746926997877,4.0
0.0,0.0,-47.00047402113721,6.873469035550163,0.0,0.0,0.0,0.0,6.443076108036809,4.0
0.0,0.0,-49.835944708331276,7.330162697176643,0.0,0.0,0.0,0.0,6.873469035550163,4.0
0.0,0.0,-52.844687203358006,7.814764295476121,0.0,0.0,0.0,0.0,7.330162697176643,4.0
0.0,0.0,-56.03728991382295,8.328979246999678,0.0,0.0,0.0,0.0,7.814764295476121,4.0
0.0,0.0,-59.42498829070835,8.874617184014776,0.0,0.0,0.0,0.0,8.328979246999678,4.0
0.0,0.0,-63.01970436832536,9.453598322987824,0.0,0.0,0.0,0.0,8.874617184014776,4.0
0.0,0.0,-0.9,-3.5,0.0,0.0,0.0,0.0,NaN,5.0
0.0,0.0,-0.763157894736842,-2.694976076555024,0.0,0.0,0.0,0.0,-3.5,5.0
0.0,0.0,-0.6614832535885166,-2.0851845522898156,0.0,0.0,0.0,0.0,-2.694976076555024,5.0
0.0,0.0,-0.5865516062884482,-1.6235624850201065,0.0,0.0,0.0,0.0,-2.0851845522898156,5.0
0.0,0.0,-0.5319720863552029,-1.2743995915957884,0.0,0.0,0.0,0.0,-1.6235624850201065,5.0
0.0,0.0,-0.4928969545004352,-1.0105999317300587,0.0,0.0,0.0,0.0,-1.2743995915957884,5.0
0.0,0.0,-0.46564942938308657,-0.8116040924303346,0.0,0.0,0.0,0.0,-1.0105999317300587,5.0
0.0,0.0,-0.44744128922270504,-0.6618125559138633,0.0,0.0,0.0,0.0,-0.8116040924303346,5.0
0.0,0.0,-0.43615859097580195,-0.5493893622381316,0.0,0.0,0.0,0.0,-0.6618125559138633,5.0
0.0,0.0,-0.4301990766988372,-0.46535433705079604,0.0,0.0,0.0,0.0,-0.5493893622381316,5.0
0.0,0.0,-0.4283487998382078,-0.40289428065190336,0.0,0.0,0.0,0.0,-0.46535433705079604,5.0
0.0,0.0,-0.42968851137432906,-0.3568403034621941,0.0,0.0,0.0,0.0,-0.40289428065190336,5.0
0.0,0.0,-0.4335226275802309,-0.32327123229788945,0.0,0.0,0.0,0.0,-0.3568403034621941,5.0
0.0,0.0,-0.439325332595091,-0.29921267835361237,0.0,0.0,0.0,0.0,-0.32327123229788945,5.0
0.0,0.0,-0.4466996828183267,-0.28240869267205626,0.0,0.0,0.0,0.0,-0.29921267835361237,5.0
0.0,0.0,-0.45534657703655146,-0.271148500534948,0.0,0.0,0.0,0.0,-0.28240869267205626,5.0
0.0,0.0,-0.465041212641899,-0.264135029392623,0.0,0.0,0.0,0.0,-0.271148500534948,5.0
0.0,0.0,-0.47561522228659775,-0.2603851494725817,0.0,0.0,0.0,0.0,-0.264135029392623,5.0
0.0,0.0,-0.4869431208557565,-0.2591539777782156,0.0,0.0,0.0,0.0,-0.2603851494725817,5.0
0.0,0.0,-0.49893202312299545,-0.25987744124869794,0.0,0.0,0.0,0.0,-0.2591539777782156,5.0
0.0,0.0,-0.5115138432216426,-0.2621286948701692,0.0,0.0,0.0,0.0,-0.25987744124869794,5.0
0.0,0.0,-0.5246393773454043,-0.26558505285358947,0.0,0.0,0.0,0.0,-0.2621286948701692,5.0
0.0,0.0,-0.5382738154765524,-0.2700028970799792,0.0,0.0,0.0,0.0,-0.26558505285358947,5.0
0.0,0.0,-0.5523933374974246,-0.27519863866599703,0.0,0.0,0.0,0.0,-0.2700028970799792,5.0
0.0,0.0,-0.5669825321727628,-0.28103427262046543,0.0,0.0,0.0,0.0,-0.27519863866599703,5.0
0.0,0.0,-0.582032440570252,-0.2874064177318724,0.0,0.0,0.0,0.0,-0.28103427262046543,5.0
0.0,0.0,-0.5975390733512194,-0.2942380010507082,0.0,0.0,0.0,0.0,-0.2874064177318724,5.0
0.0,0.0,-0.6135022876828252,-0.30147194909818226,0.0,0.0,0.0,0.0,-0.2942380010507082,5.0
0.0,0.0,-0.6299249370820169,-0.30906640179165673,0.0,0.0,0.0,0.0,-0.30147194909818226,5.0
0.0,0.0,-0.6468122284130884,-0.31699108182418,0.0,0.0,0.0,0.0,-0.30906640179165673,5.0
0.0,0.0,-0.664171236128294,-0.3252245408224071,0.0,0.0,0.0,0.0,-0.31699108182418,5.0
0.0,0.0,-0.6820105358812354,-0.333752070826366,0.0,0.0,0.0,0.0,-0.3252245408224071,5.0
0.0,0.0,-0.7003399287788601,-0.3425641206400116,0.0,0.0,0.0,0.0,-0.333752070826366,5.0
0.0,0.0,-0.7191702344703783,-0.35165509530415107,0.0,0.0,0.0,0.0,-0.3425641206400116,5.0
0.0,0.0,-0.7385131365317587,-0.3610224463106504,0.0,0.0,0.0,0.0,-0.35165509530415107,5.0
0.0,0.0,-0.7583810675960274,-0.3706659824605891,0.0,0.0,0.0,0.0,-0.3610224463106504,5.0
0.0,0.0,-0.7787871247084188,-0.38058734817781786,0.0,0.0,0.0,0.0,-0.3706659824605891,5.0
0.0,0.0,-0.7997450076837135,-0.39078962891967023,0.0,0.0,0.0,0.0,-0.38058734817781786,5.0
0.0,0.0,-0.8212689749870842,-0.4012770530621505,0.0,0.0,0.0,0.0,-0.39078962891967023,5.0
0.0,0.0,-0.8433738129831333,-0.41205476702422694,0.0,0.0,0.0,0.0,-0.4012770530621505,5.0
0.0,0.0,-0.866074815402023,-0.423128666001327,0.0,0.0,0.0,0.0,-0.41205476702422694,5.0
0.0,0.0,-0.8893877706336386,-0.4345052669315434,0.0,0.0,0.0,0.0,-0.423128666001327,5.0
0.0,0.0,-0.9133289550390119,-0.4461916135455532,0.0,0.0,0.0,0.0,-0.4345052669315434,5.0
0.0,0.0,-0.9379151309070887,-0.4581952058002723,0.0,0.0,0.0,0.0,-0.4461916135455532,5.0
0.0,0.0,-0.9631635480179738,-0.47052394785460055,0.0,0.0,0.0,0.0,-0.4581952058002723,5.0
0.0,0.0,-0.9890919480265723,-0.4831861101557303,0.0,0.0,0.0,0.0,-0.47052394785460055,5.0
0.0,0.0,-1.015718571072406,-0.4932813459396767,0.0,0.0,0.0,0.0,-0.4831861101557303,5.0
0.0,0.0,-1.0432152671320232,-0.49941531775086345,0.0,0.0,0.0,0.0,-0.4932813459396767,5.0
0.0,0.0,-1.0718363170994527,-0.5025621678269646,0.0,0.0,0.0,0.0,-0.49941531775086345,5.0
0.0,0.0,-1.1017981144295836,-0.5034324758055331,0.0,0.0,0.0,0.0,-0.5025621678269646,5.0
0.0,0.0,-1.133291042778218,-0.5025429832532087,0.0,0.0,0.0,0.0,-0.5034324758055331,5.0
0.0,0.0,-1.166488309069008,-0.5002677777457676,0.0,0.0,0.0,0.0,-0.5025429832532087,5.0
0.0,0.0,-1.2015525475597049,-0.49687586075532286,0.0,0.0,0.0,0.0,-0.5002677777457676,5.0
0.0,0.0,-1.2386407942336197,-0.4925587153854199,0.0,0.0,0.0,0.0,-0.49687586075532286,5.0
0.0,0.0,-1.2779082720677355,-0.48745052930798605,0.0,0.0,0.0,0.0,-0.4925587153854199,5.0
0.0,0.0,-1.3195113111603538,-0.481643022775375,0.0,0.0,0.0,0.0,-0.48745052930798605,5.0
0.0,0.0,-1.3636096421279842,-0.47519631350930436,0.0,0.0,0.0,0.0,-0.481643022775375,5.0
0.0,0.0,-1.4103682383710725,-0.46814686981998477,0.0,0.0,0.0,0.0,-0.47519631350930436,5.0
0.0,0.0,-1.4599588367158667,-0.4605133239227874,0.0,0.0,0.0,0.0,-0.46814686981998477,5.0
0.0,0.0,-1.5125612321260287,-0.45230071224839313,0.0,0.0,0.0,0.0,-0.4605133239227874,5.0
0.0,0.0,-1.5683644173827462,-0.44350355886978066,0.0,0.0,0.0,0.0,-0.45230071224839313,5.0
0.0,0.0,-1.627567620462376,-0.4341081075174492,0.0,0.0,0.0,0.0,-0.44350355886978066,5.0
0.0,0.0,-1.6903812790384245,-0.42409392639091575,0.0,0.0,0.0,0.0,-0.4341081075174492,5.0
0.0,0.0,-1.757027981809346,-0.4134350502921707,0.0,0.0,0.0,0.0,-0.42409392639091575,5.0
0.0,0.0,-1.8277433992576182,-0.4021007807719177,0.0,0.0,0.0,0.0,-0.4134350502921707,5.0
0.0,0.0,-1.9027772212831813,-0.39005623278165424,0.0,0.0,0.0,0.0,-0.4021007807719177,5.0
0.0,0.0,-1.9823941154148406,-0.3772626926720602,0.0,0.0,0.0,0.0,-0.39005623278165424,5.0
0.0,0.0,-2.066874716611829,-0.3636778350001698,0.0,0.0,0.0,0.0,-0.3772626926720602,5.0
0.0,0.0,-2.1565166577492842,-0.3492558328370111,0.0,0.0,0.0,0.0,-0.3636778350001698,5.0
0.0,0.0,-2.251635648534141,-0.33394738687930653,0.0,0.0,0.0,0.0,-0.3492558328370111,5.0
0.0,0.0,-2.3525666096738687,-0.31769969176420076,0.0,0.0,0.0,0.0,-0.33394738687930653,5.0
0.0,0.0,-2.4596648685112195,-0.30045635290444633,0.0,0.0,0.0,0.0,-0.31769969176420076,5.0
0.0,0.0,-2.5733074219642074,-0.2821572634180215,0.0,0.0,0.0,0.0,-0.30045635290444633,5.0
0.0,0.0,-2.6938942724140067,-0.26273844796460644,0.0,0.0,0.0,0.0,-0.2821572634180215,5.0
0.0,0.0,-2.8218498421218694,-0.24213187826007213,0.0,0.0,0.0,0.0,-0.26273844796460644,5.0
0.0,0.0,-2.9576244717988063,-0.22026526352699471,0.0,0.0,0.0,0.0,-0.24213187826007213,5.0
0.0,0.0,-3.10169600907627,-0.19706181801302172,0.0,0.0,0.0,0.0,-0.22026526352699471,5.0
0.0,0.0,-3.254571492816441,-0.17244000686598163,0.0,0.0,0.0,0.0,-0.19706181801302172,5.0
0.0,0.0,-3.416788939445412,-0.14631327101870975,0.0,0.0,0.0,0.0,-0.17244000686598163,5.0
0.0,0.0,-3.5889192377836596,-0.11858973125165898,0.0,0.0,0.0,0.0,-0.14631327101870975,5.0
0.0,0.0,-3.771568159180081,-0.08917187122622408,0.0,0.0,0.0,0.0,-0.11858973125165898,5.0
0.0,0.0,-3.9653784901250204,-0.05795619898605109,0.0,0.0,0.0,0.0,-0.08917187122622408,5.0
0.0,0.0,-4.171032294921808,-0.024832886185040433,0.0,0.0,0.0,0.0,-0.05795619898605109,5.0
0.0,0.0,-4.389253316434269,0.010314615897158538,0.0,0.0,0.0,0.0,-0.024832886185040433,5.0
0.0,0.0,-4.62080952339908,0.04760998466083911,0.0,0.0,0.0,0.0,0.010314615897158538,5.0
0.0,0.0,-4.86651581329697,0.08718446007183718,0.0,0.0,0.0,0.0,0.04760998466083911,5.0
0.0,0.0,-5.127236880316381,0.1291773055231316,0.0,0.0,0.0,0.0,0.08718446007183718,5.0
0.0,0.0,-5.4038902585184605,0.17373629719821723,0.0,0.0,0.0,0.0,0.1291773055231316,5.0
0.0,0.0,-5.697449550924602,0.22101824358786545,0.0,0.0,0.0,0.0,0.17373629719821723,5.0
0.0,0.0,-6.008947855898942,0.27118953693674497,0.0,0.0,0.0,0.0,0.22101824358786545,5.0
0.0,0.0,-6.339481402890294,0.3244267385225075,0.0,0.0,0.0,0.0,0.27118953693674497,5.0
0.0,0.0,-6.690213410333072,0.3809171997991163,0.0,0.0,0.0,0.0,0.3244267385225075,5.0
0.0,0.0,-7.062378179287398,0.440859721569836,0.0,0.0,0.0,0.0,0.3809171997991163,5.0
0.0,0.0,-7.457285437227252,0.5044652534945826,0.0,0.0,0.0,0.0,0.440859721569836,5.0
0.0,0.0,-7.8763249472652435,0.5719576363822843,0.0,0.0,0.0,0.0,0.5044652534945826,5.0
0.0,0.0,-8.320971399036166,0.6435743898724133,0.0,0.0,0.0,0.0,0.5719576363822843,5.0
0.0,0.0,-8.792789598452407,0.7195675482717417,0.0,0.0,0.0,0.0,0.6435743898724133,5.0
0.0,0.0,-9.293439974595781,0.800204547483422,0.0,0.0,0.0,0.0,0.7195675482717417,5.0
0.0,0.0,-9.824684423126266,0.8857691661464745,0.0,0.0,0.0,0.0,0.800204547483422,5.0
0.0,0.0,-10.3883925067722,0.9765625242953867,0.0,0.0,0.0,0.0,0.8857691661464745,5.0
0.0,0.0,0.9,3.5,0.0,0.0,0.0,0.0,NaN,6.0
0.0,0.0,0.763157894736842,2.694976076555024,0.0,0.0,0.0,0.0,3.5,6.0
0.0,0.0,0.6614832535885166,2.0851845522898156,0.0,0.0,0.0,0.0,2.694976076555024,6.0
0.0,0.0,0.5865516062884482,1.6235624850201065,0.0,0.0,0.0,0.0,2.0851845522898156,6.0
0.0,0.0,0.5319720863552029,1.2743995915957884,0.0,0.0,0.0,0.0,1.6235624850201065,6.0
0.0,0.0,0.4928969545004352,1.0105999317300587,0.0,0.0,0.0,0.0,1.2743995915957884,6.0
0.0,0.0,0.46564942938308657,0.8116040924303346,0.0,0.0,0.0,0.0,1.0105999317300587,6.0
0.0,0.0,0.44744128922270504,0.6618125559138633,0.0,0.0,0.0,0.0,0.8116040924303346,6.0
0.0,0.0,0.43615859097580195,0.5493893622381316,0.0,0.0,0.0,0.0,0.6618125559138633,6.0
0.0,0.0,0.4301990766988372,0.46535433705079604,0.0,0.0,0.0,0.0,0.5493893622381316,6.0
0.0,0.0,0.4283487998382078,0.40289428065190336,0.0,0.0,0.0,0.0,0.46535433705079604,6.0
0.0,0.0,0.42968851137432906,0.3568403034621941,0.0,0.0,0.0,0.0,0.40289428065190336,6.0
0.0,0.0,0.4335226275802309,0.32327123229788945,0.0,0.0,0.0,0.0,0.3568403034621941,6.0
0.0,0.0,0.439325332595091,0.29921267835361237,0.0,0.0,0.0,0.0,0.32327123229788945,6.0
0.0,0.0,0.4466996828183267,0.28240869267205626,0.0,0.0,0.0,0.0,0.29921267835361237,6.0
0.0,0.0,0.45534657703655146,0.271148500534948,0.0,0.0,0.0,0.0,0.28240869267205626,6.0
0.0,0.0,0.465041212641899,0.264135029392623,0.0,0.0,0.0,0.0,0.271148500534948,6.0
0.0,0.0,0.47561522228659775,0.2603851494725817,0.0,0.0,0.0,0.0,0.264135029392623,6.0
0.0,0.0,0.4869431208557565,0.2591539777782156,0.0,0.0,0.0,0.0,0.2603851494725817,6.0
0.0,0.0,0.49893202312299545,0.25987744124869794,0.0,0.0,0.0,0.0,0.2591539777782156,6.0
0.0,0.0,0.5115138432216426,0.2621286948701692,0.0,0.0,0.0,0.0,0.25987744124869794,6.0
0.0,0.0,0.5246393773454043,0.26558505285358947,0.0,0.0,0.0,0.0,0.2621286948701692,6.0
0.0,0.0,0.5382738154765524,0.2700028970799792,0.0,0.0,0.0,0.0,0.26558505285358947,6.0
0.0,0.0,0.5523933374974246,0.27519863866599703,0.0,0.0,0.0,0.0,0.2700028970799792,6.0
0.0,0.0,0.5669825321727628,0.28103427262046543,0.0,0.0,0.0,0.0,0.27519863866599703,6.0
0.0,0.0,0.582032440570252,0.2874064177318724,0.0,0.0,0.0,0.0,0.28103427262046543,6.0
0.0,0.0,0.5975390733512194,0.2942380010507082,0.0,0.0,0.0,0.0,0.2874064177318724,6.0
0.0,0.0,0.6135022876828252,0.30147194909818226,0.0,0.0,0.0,0.0,0.2942380010507082,6.0
0.0,0.0,0.6299249370820169,0.30906640179165673,0.0,0.0,0.0,0.0,0.30147194909818226,6.0
0.0,0.0,0.6468122284130884,0.31699108182418,0.0,0.0,0.0,0.0,0.30906640179165673,6.0
0.0,0.0,0.664171236128294,0.3252245408224071,0.0,0.0,0.0,0.0,0.31699108182418,6.0
0.0,0.0,0.6820105358812354,0.333752070826366,0.0,0.0,0.0,0.0,0.3252245408224071,6.0
0.0,0.0,0.7003399287788601,0.3425641206400116,0.0,0.0,0.0,0.0,0.333752070826366,6.0
0.0,0.0,0.7191702344703783,0.35165509530415107,0.0,0.0,0.0,0.0,0.3425641206400116,6.0
0.0,0.0,0.7385131365317587,0.3610224463106504,0.0,0.0,0.0,0.0,0.35165509530415107,6.0
0.0,0.0,0.7583810675960274,0.3706659824605891,0.0,0.0,0.0,0.0,0.3610224463106504,6.0
0.0,0.0,0.7787871247084188,0.38058734817781786,0.0,0.0,0.0,0.0,0.3706659824605891,6.0
0.0,0.0,0.7997450076837135,0.39078962891967023,0.0,0.0,0.0,0.0,0.38058734817781786,6.0
0.0,0.0,0.8212689749870842,0.4012770530621505,0.0,0.0,0.0,0.0,0.39078962891967023,6.0
0.0,0.0,0.8433738129831333,0.41205476702422694,0.0,0.0,0.0,0.0,0.4012770530621505,6.0
0.0,0.0,0.866074815402023,0.423128666001327,0.0,0.0,0.0,0.0,0.41205476702422694,6.0
0.0,0.0,0.8893877706336386,0.4345052669315434,0.0,0.0,0.0,0.0,0.423128666001327,6.0
0.0,0.0,0.9133289550390119,0.4461916135455532,0.0,0.0,0.0,0.0,0.4345052669315434,6.0
0.0,0.0,0.9379151309070887,0.4581952058002723,0.0,0.0,0.0,0.0,0.4461916135455532,6.0
0.0,0.0,0.9631635480179738,0.47052394785460055,0.0,0.0,0.0,0.0,0.4581952058002723,6.0
0.0,0.0,0.9890919480265723,0.4831861101557303,0.0,0.0,0.0,0.0,0.47052394785460055,6.0
0.0,0.0,1.015718571072406,0.4932813459396767,0.0,0.0,0.0,0.0,0.4831861101557303,6.0
0.0,0.0,1.0432152671320232,0.49941531775086345,0.0,0.0,0.0,0.0,0.4932813459396767,6.0
0.0,0.0,1.0718363170994527,0.5025621678269646,0.0,0.0,0.0,0.0,0.49941531775086345,6.0
0.0,0.0,1.1017981144295836,0.5034324758055331,0.0,0.0,0.0,0.0,0.5025621678269646,6.0
0.0,0.0,1.133291042778218,0.5025429832532087,0.0,0.0,0.0,0.0,0.5034324758055331,6.0
0.0,0.0,1.166488309069008,0.5002677777457676,0.0,0.0,0.0,0.0,0.5025429832532087,6.0
0.0,0.0,1.2015525475597049,0.49687586075532286,0.0,0.0,0.0,0.0,0.5002677777457676,6.0
0.0,0.0,1.2386407942336197,0.4925587153854199,0.0,0.0,0.0,0.0,0.49687586075532286,6.0
0.0,0.0,1.2779082720677355,0.48745052930798605,0.0,0.0,0.0,0.0,0.4925587153854199,6.0
0.0,0.0,1.3195113111603538,0.481643022775375,0.0,0.0,0.0,0.0,0.48745052930798605,6.0
0.0,0.0,1.3636096421279842,0.47519631350930436,0.0,0.0,0.0,0.0,0.481643022775375,6.0
0.0,0.0,1.4103682383710725,0.46814686981998477,0.0,0.0,0.0,0.0,0.47519631350930436,6.0
0.0,0.0,1.4599588367158667,0.4605133239227874,0.0,0.0,0.0,0.0,0.46814686981998477,6.0
0.0,0.0,1.5125612321260287,0.45230071224839313,0.0,0.0,0.0,0.0,0.4605133239227874,6.0
0.0,0.0,1.5683644173827462,0.44350355886978066,0.0,0.0,0.0,0.0,0.45230071224839313,6.0
0.0,0.0,1.627567620462376,0.4341081075174492,0.0,0.0,0.0,0.0,0.44350355886978066,6.0
0.0,0.0,1.6903812790384245,0.42409392639091575,0.0,0.0,0.0,0.0,0.4341081075174492,6.0
0.0,0.0,1.757027981809346,0.4134350502921707,0.0,0.0,0.0,0.0,0.42409392639091575,6.0
0.0,0.0,1.8277433992576182,0.4021007807719177,0.0,0.0,0.0,0.0,0.4134350502921707,6.0
0.0,0.0,1.9027772212831813,0.39005623278165424,0.0,0.0,0.0,0.0,0.4021007807719177,6.0
0.0,0.0,1.9823941154148406,0.3772626926720602,0.0,0.0,0.0,0.0,0.39005623278165424,6.0
0.0,0.0,2.066874716611829,0.3636778350001698,0.0,0.0,0.0,0.0,0.3772626926720602,6.0
0.0,0.0,2.1565166577492842,0.3492558328370111,0.0,0.0,0.0,0.0,0.3636778350001698,6.0
0.0,0.0,2.251635648534141,0.33394738687930653,0.0,0.0,0.0,0.0,0.3492558328370111,6.0
0.0,0.0,2.3525666096738687,0.31769969176420076,0.0,0.0,0.0,0.0,0.33394738687930653,6.0
0.0,0.0,2.4596648685112195,0.30045635290444633,0.0,0.0,0.0,0.0,0.31769969176420076,6.0
0.0,0.0,2.5733074219642074,0.2821572634180215,0.0,0.0,0.0,0.0,0.30045635290444633,6.0
0.0,0.0,2.6938942724140067,0.26273844796460644,0.0,0.0,0.0,0.0,0.2821572634180215,6.0
0.0,0.0,2.8218498421218694,0.24213187826007213,0.0,0.0,0.0,0.0,0.26273844796460644,6.0
0.0,0.0,2.9576244717988063,0.22026526352699471,0.0,0.0,0.0,0.0,0.24213187826007213,6.0
0.0,0.0,3.10169600907627,0.19706181801302172,0.0,0.0,0.0,0.0,0.22026526352699471,6.0
0.0,0.0,3.254571492816441,0.17244000686598163,0.0,0.0,0.0,0.0,0.19706181801302172,6.0
0.0,0.0,3.416788939445412,0.14631327101870975,0.0,0.0,0.0,0.0,0.17244000686598163,6.0
0.0,0.0,3.5889192377836596,0.11858973125165898,0.0,0.0,0.0,0.0,0.14631327101870975,6.0
0.0,0.0,3.771568159180081,0.08917187122622408,0.0,0.0,0.0,0.0,0.11858973125165898,6.0
0.0,0.0,3.9653784901250204,0.05795619898605109,0.0,0.0,0.0,0.0,0.08917187122622408,6.0
0.0,0.0,4.171032294921808,0.024832886185040433,0.0,0.0,0.0,0.0,0.05795619898605109,6.0
0.0,0.0,4.389253316434269,-0.010314615897158538,0.0,0.0,0.0,0.0,0.024832886185040433,6.0
0.0,0.0,4.62080952339908,-0.04760998466083911,0.0,0.0,0.0,0.0,-0.010314615897158538,6.0
0.0,0.0,4.86651581329697,-0.08718446007183718,0.0,0.0,0.0,0.0,-0.04760998466083911,6.0
0.0,0.0,5.127236880316381,-0.1291773055231316,0.0,0.0,0.0,0.0,-0.08718446007183718,6.0
0.0,0.0,5.4038902585184605,-0.17373629719821723,0.0,0.0,0.0,0.0,-0.1291773055231316,6.0
0.0,0.0,5.697449550924602,-0.22101824358786545,0.0,0.0,0.0,0.0,-0.17373629719821723,6.0
0.0,0.0,6.008947855898942,-0.27118953693674497,0.0,0.0,0.0,0.0,-0.22101824358786545,6.0
0.0,0.0,6.339481402890294,-0.3244267385225075,0.0,0.0,0.0,0.0,-0.27118953693674497,6.0
0.0,0.0,6.690213410333072,-0.3809171997991163,0.0,0.0,0.0,0.0,-0.3244267385225075,6.0
0.0,0.0,7.062378179287398,-0.440859721569836,0.0,0.0,0.0,0.0,-0.3809171997991163,6.0
0.0,0.0,7.457285437227252,-0.5044652534945826,0.0,0.0,0.0,0.0,-0.440859721569836,6.0
0.0,0.0,7.8763249472652435,-0.5719576363822843,0.0,0.0,0.0,0.0,-0.5044652534945826,6.0
0.0,0.0,8.320971399036166,-0.6435743898724133,0.0,0.0,0.0,0.0,-0.5719576363822843,6.0
0.0,0.0,8.792789598452407,-0.7195675482717417,0.0,0.0,0.0,0.0,-0.6435743898724133,6.0
0.0,0.0,9.293439974595781,-0.800204547483422,0.0,0.0,0.0,0.0,-0.7195675482717417,6.0
0.0,0.0,9.824684423126266,-0.8857691661464745,0.0,0.0,0.0,0.0,-0.800204547483422,6.0
0.0,0.0,10.3883925067722,-0.9765625242953867,0.0,0.0,0.0,0.0,-0.8857691661464745,6.0
0.0,0.0,-2.0,-3.5,0.0,0.0,0.0,0.0,NaN,7.0
0.0,0.0,-1.9210526315789471,-2.6824162679425836,0.0,0.0,0.0,0.0,-3.5,7.0
0.0,0.0,-1.8809808612440186,-2.0791434940657427,0.0,0.0,0.0,0.0,-2.6824162679425836,7.0
0.0,0.0,-1.8705512489902436,-1.6330728828316095,0.0,0.0,0.0,0.0,-2.0791434940657427,7.0
0.0,0.0,-1.8830501103670136,-1.3022560572405901,0.0,0.0,0.0,0.0,-1.6330728828316095,7.0
0.0,0.0,-1.9136182184262989,-1.0558769732937017,0.0,0.0,0.0,0.0,-1.3022560572405901,7.0
0.0,0.0,-1.9587624944859092,-0.8712938717327122,0.0,0.0,0.0,0.0,-1.0558769732937017,7.0
0.0,0.0,-2.01599768515713,-0.7318670047977319,0.0,0.0,0.0,0.0,-0.8712938717327122,7.0
0.0,0.0,-2.0835835104392038,-0.6253633910301779,0.0,0.0,0.0,0.0,-0.7318670047977319,7.0
0.0,0.0,-2.160331937776521,-0.5427853054812752,0.0,0.0,0.0,0.0,-0.6253633910301779,7.0
0.0,0.0,-2.2454659710552183,-0.47750993533734576,0.0,0.0,0.0,0.0,-0.5427853054812752,7.0
0.0,0.0,-2.3385162887245796,-0.4246575354741757,0.0,0.0,0.0,0.0,-0.47750993533734576,7.0
0.0,0.0,-2.4392456967903904,-0.3806273786891435,0.0,0.0,0.0,0.0,-0.4246575354741757,7.0
0.0,0.0,-2.5475940293220347,-0.34275692175744865,0.0,0.0,0.0,0.0,-0.3806273786891435,7.0
0.0,0.0,-2.6636380876149075,-0.30907145080024234,0.0,0.0,0.0,0.0,-0.34275692175744865,7.0
0.0,0.0,-2.787562647447258,-0.2781001658141116,0.0,0.0,0.0,0.0,-0.30907145080024234,7.0
0.0,0.0,-2.9196396201647916,-0.24874105033488833,0.0,0.0,0.0,0.0,-0.2781001658141116,7.0
0.0,0.0,-3.060213229103207,-0.22016156181755334,0.0,0.0,0.0,0.0,-0.24874105033488833,7.0
0.0,0.0,-3.209689632644557,-0.1917256220932915,0.0,0.0,0.0,0.0,-0.22016156181755334,7.0
0.0,0.0,-3.368529843726203,-0.1629399161733033,0.0,0.0,0.0,0.0,-0.1917256220932915,7.0
0.0,0.0,-3.537245103071092,-0.13341436474495705,0.0,0.0,0.0,0.0,-0.1629399161733033,7.0
0.0,0.0,-3.7163940892987832,-0.1028329994232742,0.0,0.0,0.0,0.0,-0.13341436474495705,7.0
0.0,0.0,-3.9065815150817045,-0.07093247124117183,0.0,0.0,0.0,0.0,-0.1028329994232742,7.0
0.0,0.0,-4.1084577805469955,-0.03748615822981239,0.0,0.0,0.0,0.0,-0.07093247124117183,7.0
0.0,0.0,-4.322719444879478,-0.0022923779324837998,0.0,0.0,0.0,0.0,-0.03748615822981239,7.0
0.0,0.0,-4.5501103431398455,0.03483439278730971,0.0,0.0,0.0,0.0,-0.0022923779324837998,7.0
0.0,0.0,-4.791423223978117,0.07407009712720251,0.0,0.0,0.0,0.0,0.03483439278730971,7.0
0.0,0.0,-5.047501819825765,0.11558606961814487,0.0,0.0,0.0,0.0,0.07407009712720251,7.0
0.0,0.0,-5.319243287691234,0.15955283502696593,0.0,0.0,0.0,0.0,0.11558606961814487,7.0
0.0,0.0,-5.607600978360613,0.20614305539466687,0.0,0.0,0.0,0.0,0.15955283502696593,7.0
0.0,0.0,-5.913587506452995,0.25553386112590587,0.0,0.0,0.0,0.0,0.20614305539466687,7.0
0.0,0.0,-6.238278104746621,0.30790873996073315,0.0,0.0,0.0,0.0,0.25553386112590587,7.0
0.0,0.0,-6.582814254468061,0.36345911210411713,0.0,0.0,0.0,0.0,0.30790873996073315,7.0
0.0,0.0,-6.948407589550806,0.4223856863733794,0.0,0.0,0.0,0.0,0.36345911210411713,7.0
0.0,0.0,-7.336344077757341,0.48489966772561927,0.0,0.0,0.0,0.0,0.4223856863733794,7.0
0.0,0.0,-7.747988485414339,0.551223868580053,0.0,0.0,0.0,0.0,0.48489966772561927,7.0
0.0,0.0,-8.18478913562457,0.621593763216301,0.0,0.0,0.0,0.0,0.551223868580053,7.0
0.0,0.0,-8.648282972405669,0.6962585149331227,0.0,0.0,0.0,0.0,0.621593763216301,7.0
0.0,0.0,-9.1401009454235,0.775481998656184,0.0,0.0,0.0,0.0,0.6962585149331227,7.0
0.0,0.0,-9.661973731954008,0.85954383660039,0.0,0.0,0.0,0.0,0.775481998656184,7.0
0.0,0.0,-10.215737814509502,0.94874046091731,0.0,0.0,0.0,0.0,0.85954383660039,7.0
0.0,0.0,-10.803341934268808,1.0433862146207102,0.0,0.0,0.0,0.0,0.94874046091731,7.0
0.0,0.0,-11.426853942105097,1.1438145002113587,0.0,0.0,0.0,0.0,1.0433862146207102,7.0
0.0,0.0,-12.088468070648068,1.2503789841165944,0.0,0.0,0.0,0.0,1.1438145002113587,7.0
0.0,0.0,-12.790512652477785,1.3634548641745134,0.0,0.0,0.0,0.0,1.2503789841165944,7.0
0.0,0.0,-13.535458311248957,1.4834402068198809,0.0,0.0,0.0,0.0,1.3634548641745134,7.0
0.0,0.0,-14.325926654305212,1.6107573602906204,0.0,0.0,0.0,0.0,1.4834402068198809,7.0
0.0,0.0,-15.164699497178676,1.7458544500127984,0.0,0.0,0.0,0.0,1.6107573602906204,7.0
0.0,0.0,-16.054728652294017,1.889206962296521,0.0,0.0,0.0,0.0,1.7458544500127984,7.0
0.0,0.0,-16.999146316219832,2.041319422554884,0.0,0.0,0.0,0.0,1.889206962296521,7.0
0.0,0.0,-18.001276091944817,2.202727174421058,0.0,0.0,0.0,0.0,2.041319422554884,7.0
0.0,0.0,-19.064644684911443,2.3739982663690675,0.0,0.0,0.0,0.0,2.202727174421058,7.0
0.0,0.0,-20.192994313926206,2.555735452730651,0.0,0.0,0.0,0.0,2.3739982663690675,7.0
0.0,0.0,-21.390295880592355,2.748578316335955,0.0,0.0,0.0,0.0,2.555735452730651,7.0
0.0,0.0,-22.66076294358858,2.9532055203845022,0.0,0.0,0.0,0.0,2.748578316335955,7.0
0.0,0.0,-24.00886654695558,3.1703371975714294,0.0,0.0,0.0,0.0,2.9532055203845022,7.0
0.0,0.0,-25.43935095456226,3.4007374849503904,0.0,0.0,0.0,0.0,3.1703371975714294,7.0
0.0,0.0,-26.957250346115558,3.645217213507865,0.0,0.0,0.0,0.0,3.4007374849503904,7.0
0.0,0.0,-28.567906533464157,3.9046367619537525,0.0,0.0,0.0,0.0,3.645217213507865,7.0
0.0,0.0,-30.27698775953878,4.179909084800447,0.0,0.0,0.0,0.0,3.9046367619537525,7.0
0.0,0.0,-32.090508646082945,4.472002925408267,0.0,0.0,0.0,0.0,4.179909084800447,7.0
0.0,0.0,-34.014851360371956,4.78194622532034,0.0,0.0,0.0,0.0,4.472002925408267,7.0
0.0,0.0,-36.05678807540839,5.110829741896636,0.0,0.0,0.0,0.0,4.78194622532034,7.0
0.0,0.0,-38.22350480263497,5.459810886986875,0.0,0.0,0.0,0.0,5.110829741896636,7.0
0.0,0.0,-40.522626681036115,5.8301178001576295,0.0,0.0,0.0,0.0,5.459810886986875,7.0
0.0,0.0,-42.96224481162526,6.223053670812721,0.0,0.0,0.0,0.0,5.8301178001576295,7.0
0.0,0.0,-45.550944731753575,6.640001324420792,0.0,0.0,0.0,0.0,6.223053670812721,7.0
0.0,0.0,-48.29783662944696,7.082428088992354,0.0,0.0,0.0,0.0,6.640001324420792,7.0
0.0,0.0,-51.212587404101654,7.5518909589343535,0.0,0.0,0.0,0.0,7.082428088992354,7.0
0.0,0.0,-54.30545468636671,8.050042074456274,0.0,0.0,0.0,0.0,7.5518909589343535,7.0
0.0,0.0,-57.58732293693634,8.578634535811934,0.0,0.0,0.0,0.0,8.050042074456274,7.0
0.0,0.0,-61.0697417512915,9.139528572839268,0.0,0.0,0.0,0.0,8.578634535811934,7.0
0.0,0.0,-64.76496650519312,9.734698091510552,0.0,0.0,0.0,0.0,9.139528572839268,7.0
0.0,0.0,-68.68600148396699,10.366237620532178,0.0,0.0,0.0,0.0,9.734698091510552,7.0
0.0,0.0,-72.84664564736167,11.036369682440787,0.0,0.0,0.0,0.0,10.366237620532178,7.0
0.0,0.0,-77.26154119103548,11.74745261513647,0.0,0.0,0.0,0.0,11.036369682440787,7.0
0.0,0.0,-81.94622507557084,12.50198887137882,0.0,0.0,0.0,0.0,11.74745261513647,7.0
0.0,0.0,-86.91718370435765,13.30263382545369,0.0,0.0,0.0,0.0,12.50198887137882,7.0
0.0,0.0,-92.19191094276879,14.15220511800316,0.0,0.0,0.0,0.0,13.30263382545369,7.0
0.0,0.0,-97.78896968280941,15.0536925719054,0.0,0.0,0.0,0.0,14.15220511800316,7.0
0.0,0.0,-103.72805716989966,16.01026871410041,0.0,0.0,0.0,0.0,15.0536925719054,7.0
0.0,0.0,-110.03007432168913,17.025299940390358,0.0,0.0,0.0,0.0,16.01026871410041,7.0
0.0,0.0,-116.7171992828512,18.102358362505747,0.0,0.0,0.0,0.0,17.025299940390358,7.0
0.0,0.0,-123.81296547471209,19.245234379129844,0.0,0.0,0.0,0.0,18.102358362505747,7.0
0.0,0.0,-131.34234441438798,20.457950015121504,0.0,0.0,0.0,0.0,19.245234379129844,7.0
0.0,0.0,-139.33183359488848,21.74477307587997,0.0,0.0,0.0,0.0,20.457950015121504,7.0
0.0,0.0,-147.80954973545525,23.110232166663845,0.0,0.0,0.0,0.0,21.74477307587997,7.0
0.0,0.0,-156.80532773030362,24.559132629720494,0.0,0.0,0.0,0.0,23.110232166663845,7.0
0.0,0.0,-166.35082564398908,26.096573455312054,0.0,0.0,0.0,0.0,24.559132629720494,7.0
0.0,0.0,-176.47963612289968,27.727965226151436,0.0,0.0,0.0,0.0,26.096573455312054,7.0
0.0,0.0,-187.227404614955,29.459049158398873,0.0,0.0,0.0,0.0,27.727965226151436,7.0
0.0,0.0,-198.63195481355257,31.295917306228024,0.0,0.0,0.0,0.0,29.459049158398873,7.0
0.0,0.0,-210.73342176722522,33.245034001066124,0.0,0.0,0.0,0.0,31.295917306228024,7.0
0.0,0.0,-223.57439312345107,35.3132586009573,0.0,0.0,0.0,0.0,33.245034001066124,7.0
0.0,0.0,-237.20005900368307,37.5078696301088,0.0,0.0,0.0,0.0,35.3132586009573,7.0
0.0,0.0,-251.6583710370405,39.83659039357277,0.0,0.0,0.0,0.0,37.5078696301088,7.0
0.0,0.0,-267.00021111233593,42.30761615720659,0.0,0.0,0.0,0.0,39.83659039357277,7.0
0.0,0.0,-283.27957044231187,44.92964298856423,0.0,0.0,0.0,0.0,42.30761615720659,7.0
0.0,0.0,-300.55373957025273,47.71189836021571,0.0,0.0,0.0,0.0,44.92964298856423,7.0
0.0,0.0,-318.88350998764577,50.664173623194394,0.0,0.0,0.0,0.0,47.71189836021571,7.0
0.0,0.0,2.0,3.5,0.0,0.0,0.0,0.0,NaN,8.0
0.0,0.0,1.9210526315789471,2.6824162679425836,0.0,0.0,0.0,0.0,3.5,8.0
0.0,0.0,1.8809808612440186,2.0791434940657427,0.0,0.0,0.0,0.0,2.6824162679425836,8.0
0.0,0.0,1.8705512489902436,1.6330728828316095,0.0,0.0,0.0,0.0,2.0791434940657427,8.0
0.0,0.0,1.8830501103670136,1.3022560572405901,0.0,0.0,0.0,0.0,1.6330728828316095,8.0
0.0,0.0,1.9136182184262989,1.0558769732937017,0.0,0.0,0.0,0.0,1.3022560572405901,8.0
0.0,0.0,1.9587624944859092,0.8712938717327122,0.0,0.0,0.0,0.0,1.0558769732937017,8.0
0.0,0.0,2.01599768515713,0.7318670047977319,0.0,0.0,0.0,0.0,0.8712938717327122,8.0
0.0,0.0,2.0835835104392038,0.6253633910301779,0.0,0.0,0.0,0.0,0.7318670047977319,8.0
0.0,0.0,2.160331937776521,0.5427853054812752,0.0,0.0,0.0,0.0,0.6253633910301779,8.0
0.0,0.0,2.2454659710552183,0.47750993533734576,0.0,0.0,0.0,0.0,0.5427853054812752,8.0
0.0,0.0,2.3385162887245796,0.4246575354741757,0.0,0.0,0.0,0.0,0.47750993533734576,8.0
0.0,0.0,2.4392456967903904,0.3806273786891435,0.0,0.0,0.0,0.0,0.4246575354741757,8.0
0.0,0.0,2.5475940293220347,0.34275692175744865,0.0,0.0,0.0,0.0,0.3806273786891435,8.0
0.0,0.0,2.6636380876149075,0.30907145080024234,0.0,0.0,0.0,0.0,0.34275692175744865,8.0
0.0,0.0,2.787562647447258,0.2781001658141116,0.0,0.0,0.0,0.0,0.30907145080024234,8.0
0.0,0.0,2.9196396201647916,0.24874105033488833,0.0,0.0,0.0,0.0,0.2781001658141116,8.0
0.0,0.0,3.060213229103207,0.22016156181755334,0.0,0.0,0.0,0.0,0.24874105033488833,8.0
0.0,0.0,3.209689632644557,0.1917256220932915,0.0,0.0,0.0,0.0,0.22016156181755334,8.0
0.0,0.0,3.368529843726203,0.1629399161733033,0.0,0.0,0.0,0.0,0.1917256220932915,8.0
0.0,0.0,3.537245103071092,0.13341436474495705,0.0,0.0,0.0,0.0,0.1629399161733033,8.0
0.0,0.0,3.7163940892987832,0.1028329994232742,0.0,0.0,0.0,0.0,0.13341436474495705,8.0
0.0,0.0,3.9065815150817045,0.07093247124117183,0.0,0.0,0.0,0.0,0.1028329994232742,8.0
0.0,0.0,4.1084577805469955,0.03748615822981239,0.0,0.0,0.0,0.0,0.07093247124117183,8.0
0.0,0.0,4.322719444879478,0.0022923779324837998,0.0,0.0,0.0,0.0,0.03748615822981239,8.0
0.0,0.0,4.5501103431398455,-0.03483439278730971,0.0,0.0,0.0,0.0,0.0022923779324837998,8.0
0.0,0.0,4.791423223978117,-0.07407009712720251,0.0,0.0,0.0,0.0,-0.03483439278730971,8.0
0.0,0.0,5.047501819825765,-0.11558606961814487,0.0,0.0,0.0,0.0,-0.07407009712720251,8.0
0.0,0.0,5.319243287691234,-0.15955283502696593,0.0,0.0,0.0,0.0,-0.11558606961814487,8.0
0.0,0.0,5.607600978360613,-0.20614305539466687,0.0,0.0,0.0,0.0,-0.15955283502696593,8.0
0.0,0.0,5.913587506452995,-0.25553386112590587,0.0,0.0,0.0,0.0,-0.20614305539466687,8.0
0.0,0.0,6.238278104746621,-0.30790873996073315,0.0,0.0,0.0,0.0,-0.25553386112590587,8.0
0.0,0.0,6.582814254468061,-0.36345911210411713,0.0,0.0,0.0,0.0,-0.30790873996073315,8.0
0.0,0.0,6.948407589550806,-0.4223856863733794,0.0,0.0,0.0,0.0,-0.36345911210411713,8.0
0.0,0.0,7.336344077757341,-0.48489966772561927,0.0,0.0,0.0,0.0,-0.4223856863733794,8.0
0.0,0.0,7.747988485414339,-0.551223868580053,0.0,0.0,0.0,0.0,-0.48489966772561927,8.0
0.0,0.0,8.18478913562457,-0.621593763216301,0.0,0.0,0.0,0.0,-0.551223868580053,8.0
0.0,0.0,8.648282972405669,-0.6962585149331227,0.0,0.0,0.0,0.0,-0.621593763216301,8.0
0.0,0.0,9.1401009454235,-0.775481998656184,0.0,0.0,0.0,0.0,-0.6962585149331227,8.0
0.0,0.0,9.661973731954008,-0.85954383660039,0.0,0.0,0.0,0.0,-0.775481998656184,8.0
0.0,0.0,10.215737814509502,-0.94874046091731,0.0,0.0,0.0,0.0,-0.85954383660039,8.0
0.0,0.0,10.803341934268808,-1.0433862146207102,0.0,0.0,0.0,0.0,-0.94874046091731,8.0
0.0,0.0,11.426853942105097,-1.1438145002113587,0.0,0.0,0.0,0.0,-1.0433862146207102,8.0
0.0,0.0,12.088468070648068,-1.2503789841165944,0.0,0.0,0.0,0.0,-1.1438145002113587,8.0
0.0,0.0,12.790512652477785,-1.3634548641745134,0.0,0.0,0.0,0.0,-1.2503789841165944,8.0
0.0,0.0,13.535458311248957,-1.4834402068198809,0.0,0.0,0.0,0.0,-1.3634548641745134,8.0
0.0,0.0,14.325926654305212,-1.6107573602906204,0.0,0.0,0.0,0.0,-1.4834402068198809,8.0
0.0,0.0,15.164699497178676,-1.7458544500127984,0.0,0.0,0.0,0.0,-1.6107573602906204,8.0
0.0,0.0,16.054728652294017,-1.889206962296521,0.0,0.0,0.0,0.0,-1.7458544500127984,8.0
0.0,0.0,16.999146316219832,-2.041319422554884,0.0,0.0,0.0,0.0,-1.889206962296521,8.0
0.0,0.0,18.001276091944817,-2.202727174421058,0.0,0.0,0.0,0.0,-2.041319422554884,8.0
0.0,0.0,19.064644684911443,-2.3739982663690675,0.0,0.0,0.0,0.0,-2.202727174421058,8.0
0.0,0.0,20.192994313926206,-2.555735452730651,0.0,0.0,0.0,0.0,-2.3739982663690675,8.0
0.0,0.0,21.390295880592355,-2.748578316335955,0.0,0.0,0.0,0.0,-2.555735452730651,8.0
0.0,0.0,22.66076294358858,-2.9532055203845022,0.0,0.0,0.0,0.0,-2.748578316335955,8.0
0.0,0.0,24.00886654695558,-3.1703371975714294,0.0,0.0,0.0,0.0,-2.9532055203845022,8.0
0.0,0.0,25.43935095456226,-3.4007374849503904,0.0,0.0,0.0,0.0,-3.1703371975714294,8.0
0.0,0.0,26.957250346115558,-3.645217213507865,0.0,0.0,0.0,0.0,-3.4007374849503904,8.0
0.0,0.0,28.567906533464157,-3.9046367619537525,0.0,0.0,0.0,0.0,-3.645217213507865,8.0
0.0,0.0,30.27698775953878,-4.179909084800447,0.0,0.0,0.0,0.0,-3.9046367619537525,8.0
0.0,0.0,32.090508646082945,-4.472002925408267,0.0,0.0,0.0,0.0,-4.179909084800447,8.0
0.0,0.0,34.014851360371956,-4.78194622532034,0.0,0.0,0.0,0.0,-4.472002925408267,8.0
0.0,0.0,36.05678807540839,-5.110829741896636,0.0,0.0,0.0,0.0,-4.78194622532034,8.0
0.0,0.0,38.22350480263497,-5.459810886986875,0.0,0.0,0.0,0.0,-5.110829741896636,8.0
0.0,0.0,40.522626681036115,-5.8301178001576295,0.0,0.0,0.0,0.0,-5.459810886986875,8.0
0.0,0.0,42.96224481162526,-6.223053670812721,0.0,0.0,0.0,0.0,-5.8301178001576295,8.0
0.0,0.0,45.550944731753575,-6.640001324420792,0.0,0.0,0.0,0.0,-6.223053670812721,8.0
0.0,0.0,48.29783662944696,-7.082428088992354,0.0,0.0,0.0,0.0,-6.640001324420792,8.0
0.0,0.0,51.212587404101654,-7.5518909589343535,0.0,0.0,0.0,0.0,-7.082428088992354,8.0
0.0,0.0,54.30545468636671,-8.050042074456274,0.0,0.0,0.0,0.0,-7.5518909589343535,8.0
0.0,0.0,57.58732293693634,-8.578634535811934,0.0,0.0,0.0,0.0,-8.050042074456274,8.0
0.0,0.0,61.0697417512915,-9.139528572839268,0.0,0.0,0.0,0.0,-8.578634535811934,8.0
0.0,0.0,64.76496650519312,-9.734698091510552,0.0,0.0,0.0,0.0,-9.139528572839268,8.0
0.0,0.0,68.68600148396699,-10.366237620532178,0.0,0.0,0.0,0.0,-9.734698091510552,8.0
0.0,0.0,72.84664564736167,-11.036369682440787,0.0,0.0,0.0,0.0,-10.366237620532178,8.0
0.0,0.0,77.26154119103548,-11.74745261513647,0.0,0.0,0.0,0.0,-11.036369682440787,8.0
0.0,0.0,81.94622507557084,-12.50198887137882,0.0,0.0,0.0,0.0,-11.74745261513647,8.0
0.0,0.0,86.91718370435765,-13.30263382545369,0.0,0.0,0.0,0.0,-12.50198887137882,8.0
0.0,0.0,92.19191094276879,-14.15220511800316,0.0,0.0,0.0,0.0,-13.30263382545369,8.0
0.0,0.0,97.78896968280941,-15.0536925719054,0.0,0.0,0.0,0.0,-14.15220511800316,8.0
0.0,0.0,103.72805716989966,-16.01026871410041,0.0,0.0,0.0,0.0,-15.0536925719054,8.0
0.0,0.0,110.03007432168913,-17.025299940390358,0.0,0.0,0.0,0.0,-16.01026871410041,8.0
0.0,0.0,116.7171992828512,-18.102358362505747,0.0,0.0,0.0,0.0,-17.025299940390358,8.0
0.0,0.0,123.81296547471209,-19.245234379129844,0.0,0.0,0.0,0.0,-18.102358362505747,8.0
0.0,0.0,131.34234441438798,-20.457950015121504,0.0,0.0,0.0,0.0,-19.245234379129844,8.0
0.0,0.0,139.33183359488848,-21.74477307587997,0.0,0.0,0.0,0.0,-20.457950015121504,8.0
0.0,0.0,147.80954973545525,-23.110232166663845,0.0,0.0,0.0,0.0,-21.74477307587997,8.0
0.0,0.0,156.80532773030362,-24.559132629720494,0.0,0.0,0.0,0.0,-23.110232166663845,8.0
0.0,0.0,166.35082564398908,-26.096573455312054,0.0,0.0,0.0,0.0,-24.559132629720494,8.0
0.0,0.0,176.47963612289968,-27.727965226151436,0.0,0.0,0.0,0.0,-26.096573455312054,8.0
0.0,0.0,187.227404614955,-29.459049158398873,0.0,0.0,0.0,0.0,-27.727965226151436,8.0
0.0,0.0,198.63195481355257,-31.295917306228024,0.0,0.0,0.0,0.0,-29.459049158398873,8.0
0.0,0.0,210.73342176722522,-33.245034001066124,0.0,0.0,0.0,0.0,-31.295917306228024,8.0
0.0,0.0,223.57439312345107,-35.3132586009573,0.0,0.0,0.0,0.0,-33.245034001066124,8.0
0.0,0.0,237.20005900368307,-37.5078696301088,0.0,0.0,0.0,0.0,-35.3132586009573,8.0
0.0,0.0,251.6583710370405,-39.83659039357277,0.0,0.0,0.0,0.0,-37.5078696301088,8.0
0.0,0.0,267.00021111233593,-42.30761615720659,0.0,0.0,0.0,0.0,-39.83659039357277,8.0
0.0,0.0,283.27957044231187,-44.92964298856423,0.0,0.0,0.0,0.0,-42.30761615720659,8.0
0.0,0.0,300.55373957025273,-47.71189836021571,0.0,0.0,0.0,0.0,-44.92964298856423,8.0
0.0,0.0,318.88350998764577,-50.664173623194394,0.0,0.0,0.0,0.0,-47.71189836021571,8.0
0.0,0.0,1.5,-3.5,0.0,0.0,0.0,0.0,NaN,9.0
0.0,0.0,1.763157894736842,-2.4917122351332877,0.0,0.0,0.0,0.0,-3.5,9.0
0.0,0.0,1.9870984278879014,-1.756223591002299,0.0,0.0,0.0,0.0,-2.4917122351332877,9.0
0.0,0.0,2.1841153762505434,-1.221365939585332,0.0,0.0,0.0,0.0,-1.756223591002299,9.0
0.0,0.0,2.3633512349787473,-0.8341613725653796,0.0,0.0,0.0,0.0,-1.221365939585332,9.0
0.0,0.0,2.531641372217912,-0.5557253685979716,0.0,0.0,0.0,0.0,-0.8341613725653796,9.0
0.0,0.0,2.6941343585766426,-0.35752402408762063,0.0,0.0,0.0,0.0,-0.5557253685979716,9.0
0.0,0.0,2.854747957664235,-0.2186256391459125,0.0,0.0,0.0,0.0,-0.35752402408762063,9.0
0.0,0.0,3.0165044627595057,-0.12368250865798916,0.0,0.0,0.0,0.0,-0.2186256391459125,9.0
0.0,0.0,3.181777461255163,-0.06144894121054873,0.0,0.0,0.0,0.0,-0.12368250865798916,9.0
0.0,0.0,3.352473587700726,-0.023693059777649326,0.0,0.0,0.0,0.0,-0.06144894121054873,9.0
0.0,0.0,3.530166569146956,-0.004397779761390904,0.0,0.0,0.0,0.0,-0.023693059777649326,9.0
0.0,0.0,3.7161962717210795,0.0008258510993073518,0.0,0.0,0.0,0.0,-0.004397779761390904,9.0
0.0,0.0,3.911742083332751,-0.004830640257627403,0.0,0.0,0.0,0.0,0.0008258510993073518,9.0
0.0,0.0,4.1178774898375075,-0.019056975085395004,0.0,0.0,0.0,0.0,-0.004830640257627403,9.0
0.0,0.0,4.335610882728186,-0.040192057014262456,0.0,0.0,0.0,0.0,-0.019056975085395004,9.0
0.0,0.0,4.565916300609367,-0.06705368022205342,0.0,0.0,0.0,0.0,-0.040192057014262456,9.0
0.0,0.0,4.809756825916284,-0.0988136086992612,0.0,0.0,0.0,0.0,-0.06705368022205342,9.0
0.0,0.0,5.06810263826447,-0.13490598167986564,0.0,0.0,0.0,0.0,-0.0988136086992612,9.0
0.0,0.0,5.341945197208909,-0.17496020058812686,0.0,0.0,0.0,0.0,-0.13490598167986564,9.0
0.0,0.0,5.632308639198226,-0.21875180299372166,0.0,0.0,0.0,0.0,-0.17496020058812686,9.0
0.0,0.0,5.940259188787275,-0.2661665549168105,0.0,0.0,0.0,0.0,-0.21875180299372166,9.0
0.0,0.0,6.266913175298016,-0.31717426022890616,0.0,0.0,0.0,0.0,-0.2661665549168105,9.0
0.0,0.0,6.613444092957327,-0.3718097166446446,0.0,0.0,0.0,0.0,-0.31717426022890616,9.0
0.0,0.0,6.981089030304798,-0.4301589313297108,0.0,0.0,0.0,0.0,-0.3718097166446446,9.0
0.0,0.0,7.371154712496087,-0.4923492111383618,0.0,0.0,0.0,0.0,-0.4301589313297108,9.0
0.0,0.0,7.785023340055794,-0.5585421111700757,0.0,0.0,0.0,0.0,-0.4923492111383618,9.0
0.0,0.0,8.224158363804523,-0.6289284961163801,0.0,0.0,0.0,0.0,-0.5585421111700757,9.0
0.0,0.0,8.690110303800362,-0.7037251677647405,0.0,0.0,0.0,0.0,-0.6289284961163801,9.0
0.0,0.0,9.184522697040629,-0.7831726581362671,0.0,0.0,0.0,0.0,-0.7037251677647405,9.0
0.0,0.0,9.709138242049939,-0.8675338950838247,0.0,0.0,0.0,0.0,-0.7831726581362671,9.0
0.0,0.0,10.265805196635926,-0.957093526067049,0.0,0.0,0.0,0.0,-0.8675338950838247,9.0
0.0,0.0,10.856484076778186,-1.0521577438148049,0.0,0.0,0.0,0.0,-0.957093526067049,9.0
0.0,0.0,11.483254698914658,-1.1530545002386219,0.0,0.0,0.0,0.0,-1.0521577438148049,9.0
0.0,0.0,12.148323604133251,-1.2601340263519623,0.0,0.0,0.0,0.0,-1.1530545002386219,9.0
0.0,0.0,12.854031900474578,-1.3737695990758638,0.0,0.0,0.0,0.0,-1.2601340263519623,9.0
0.0,0.0,13.602863558345653,-1.4943585128716947,0.0,0.0,0.0,0.0,-1.3737695990758638,9.0
0.0,0.0,14.397454193672882,-1.622323226752726,0.0,0.0,0.0,0.0,-1.4943585128716947,9.0
0.0,0.0,15.240600373695282,-1.7581126665748403,0.0,0.0,0.0,0.0,-1.622323226752726,9.0
0.0,0.0,16.13526948107792,-1.9022036694650417,0.0,0.0,0.0,0.0,-1.7581126665748403,9.0
0.0,0.0,17.08461017321176,-2.055102562455215,0.0,0.0,0.0,0.0,-1.9022036694650417,9.0
0.0,0.0,18.09196347508897,-2.2173468713185835,0.0,0.0,0.0,0.0,-2.055102562455215,9.0
0.0,0.0,19.160874545952524,-2.3895071586036525,0.0,0.0,0.0,0.0,-2.2173468713185835,9.0
0.0,0.0,20.295105161981795,-2.5721889921797394,0.0,0.0,0.0,0.0,-2.3895071586036525,9.0
0.0,0.0,21.498646959569243,-2.7660350474367514,0.0,0.0,0.0,0.0,-2.5721889921797394,9.0
0.0,0.0,22.77573548625377,-2.971727347757747,0.0,0.0,0.0,0.0,-2.7660350474367514,9.0
0.0,0.0,24.13086510909648,-3.189989649107837,0.0,0.0,0.0,0.0,-2.971727347757747,9.0
0.0,0.0,25.568804833212493,-3.421589975632384,0.0,0.0,0.0,0.0,-3.189989649107837,9.0
0.0,0.0,27.09461508630959,-3.6673433140871023,0.0,0.0,0.0,0.0,-3.421589975632384,9.0
0.0,0.0,28.71366552843573,-3.928114475774011,0.0,0.0,0.0,0.0,-3.6673433140871023,9.0
0.0,0.0,30.431653949709926,-4.204821135461441,0.0,0.0,0.0,0.0,-3.928114475774011,9.0
0.0,0.0,32.25462632261368,-4.498437057546799,0.0,0.0,0.0,0.0,-4.204821135461441,9.0
0.0,0.0,34.18899807946423,-4.809995520495566,0.0,0.0,0.0,0.0,-4.498437057546799,9.0
0.0,0.0,36.24157668998842,-5.140592951372777,0.0,0.0,0.0,0.0,-4.809995520495566,9.0
0.0,0.0,38.41958561848111,-5.491392783085097,0.0,0.0,0.0,0.0,-5.140592951372777,9.0
0.0,0.0,40.73068974487933,-5.863629547781141,0.0,0.0,0.0,0.0,-5.491392783085097,9.0
0.0,0.0,43.18302233922987,-6.258613220722561,0.0,0.0,0.0,0.0,-5.863629547781141,9.0
0.0,0.0,45.78521368449052,-6.677733829844486,0.0,0.0,0.0,0.0,-6.258613220722561,9.0
0.0,0.0,48.54642144840289,-7.12246634717723,0.0,0.0,0.0,0.0,-6.677733829844486,9.0
0.0,0.0,51.47636291132816,-7.594375879306272,0.0,0.0,0.0,0.0,-7.12246634717723,9.0
0.0,0.0,54.585349163466816,-8.09512317510985,0.0,0.0,0.0,0.0,-7.594375879306272,9.0
0.0,0.0,57.884321391812946,-8.626470470137143,0.0,0.0,0.0,0.0,-8.09512317510985,9.0
0.0,0.0,61.38488938454716,-9.190287688180117,0.0,0.0,0.0,0.0,-8.626470470137143,9.0
0.0,0.0,65.0993723883749,-9.788559021852889,0.0,0.0,0.0,0.0,-9.190287688180117,9.0
0.0,0.0,69.04084246259742,-10.423389915329283,0.0,0.0,0.0,0.0,-9.788559021852889,9.0
0.0,0.0,73.2231704824883,-11.097014473806501,0.0,0.0,0.0,0.0,-10.423389915329283,9.0
0.0,0.0,77.66107495387223,-11.811803325766121,0.0,0.0,0.0,0.0,-11.097014473806501,9.0
0.0,0.0,82.3701738106953,-12.5702719656984,0.0,0.0,0.0,0.0,-11.811803325766121,9.0
0.0,0.0,87.36703937787392,-13.37508960664722,0.0,0.0,0.0,0.0,-12.5702719656984,9.0
0.0,0.0,92.66925669284872,-14.229088573728236,0.0,0.0,0.0,0.0,-13.37508960664722,9.0
0.0,0.0,98.2954853910896,-15.135274271676565,0.0,0.0,0.0,0.0,-14.229088573728236,9.0
0.0,0.0,104.26552537334044,-16.09683576150118,0.0,0.0,0.0,0.0,-15.135274271676565,9.0
0.0,0.0,110.60038648570051,-17.11715698346681,0.0,0.0,0.0,0.0,-16.09683576150118,9.0
0.0,0.0,117.32236245776195,-18.1998286658989,0.0,0.0,0.0,0.0,-17.11715698346681,9.0
0.0,0.0,124.45510935900725,-19.348660961720967,0.0,0.0,0.0,0.0,-18.1998286658989,9.0
0.0,0.0,132.02372884957188,-20.567696857194683,0.0,0.0,0.0,0.0,-19.348660961720967,9.0
0.0,0.0,140.05485651834906,-21.861226400050736,0.0,0.0,0.0,0.0,-20.567696857194683,9.0
0.0,0.0,148.57675561931745,-23.23380179708224,0.0,0.0,0.0,0.0,-21.861226400050736,9.0
0.0,0.0,157.61941653597006,-24.690253434332153,0.0,0.0,0.0,0.0,-23.23380179708224,9.0
0.0,0.0,167.21466232388067,-26.23570687625305,0.0,0.0,0.0,0.0,-24.690253434332153,9.0
0.0,0.0,177.39626070283506,-27.875600903663056,0.0,0.0,0.0,0.0,-26.23570687625305,9.0
0.0,0.0,188.20004289265074,-29.615706653977067,0.0,0.0,0.0,0.0,-27.875600903663056,9.0
0.0,0.0,199.66402971089428,-31.462147931072032,0.0,0.0,0.0,0.0,-29.615706653977067,9.0
0.0,0.0,211.82856537626094,-33.42142275626085,0.0,0.0,0.0,0.0,-31.462147931072032,9.0
0.0,0.0,224.73645948849892,-35.50042623621741,0.0,0.0,0.0,0.0,-33.42142275626085,9.0
0.0,0.0,238.4331376845366,-37.70647482832993,0.0,0.0,0.0,0.0,-35.50042623621741,9.0
0.0,0.0,252.96680150100326,-40.04733208887752,0.0,0.0,0.0,0.0,-37.70647482832993,9.0
0.0,0.0,268.3885980057338,-42.53123599464313,0.0,0.0,0.0,0.0,-40.04733208887752,9.0
0.0,0.0,284.7527997952273,-45.16692793411377,0.0,0.0,0.0,0.0,-42.53123599464313,9.0
0.0,0.0,302.1169959915084,-47.96368347029404,0.0,0.0,0.0,0.0,-45.16692793411377,9.0
0.0,0.0,320.54229491055065,-50.93134498339384,0.0,0.0,0.0,0.0,-47.96368347029404,9.0
0.0,0.0,340.0935391154951,-54.08035630826694,0.0,0.0,0.0,0.0,-50.93134498339384,9.0
0.0,0.0,360.8395336114826,-57.42179948849707,0.0,0.0,0.0,0.0,-54.08035630826694,9.0
0.0,0.0,382.8532879851657,-60.967433776476675,0.0,0.0,0.0,0.0,-57.42179948849707,9.0
0.0,0.0,406.21227334104157,-64.7297370167283,0.0,0.0,0.0,0.0,-60.967433776476675,9.0
0.0,0.0,430.9986949388189,-68.72194955810498,0.0,0.0,0.0,0.0,-64.7297370167283,9.0
0.0,0.0,457.29978149128857,-72.9581208494067,0.0,0.0,0.0,0.0,-68.72194955810498,9.0
0.0,0.0,485.2080921407988,-77.45315888239193,0.0,0.0,0.0,0.0,-72.9581208494067,9.0
0.0,0.0,514.8218421946509,-82.22288265618549,0.0,0.0,0.0,0.0,-77.45315888239193,9.0
0.0,0.0,546.2452487657475,-87.28407784771595,0.0,0.0,0.0,0.0,-82.22288265618549,9.0
0.0,0.0,-1.5,3.5,0.0,0.0,0.0,0.0,NaN,10.0
0.0,0.0,-1.763157894736842,2.4917122351332877,0.0,0.0,0.0,0.0,3.5,10.0
0.0,0.0,-1.9870984278879014,1.756223591002299,0.0,0.0,0.0,0.0,2.4917122351332877,10.0
0.0,0.0,-2.1841153762505434,1.221365939585332,0.0,0.0,0.0,0.0,1.756223591002299,10.0
0.0,0.0,-2.3633512349787473,0.8341613725653796,0.0,0.0,0.0,0.0,1.221365939585332,10.0
0.0,0.0,-2.531641372217912,0.5557253685979716,0.0,0.0,0.0,0.0,0.8341613725653796,10.0
0.0,0.0,-2.6941343585766426,0.35752402408762063,0.0,0.0,0.0,0.0,0.5557253685979716,10.0
0.0,0.0,-2.854747957664235,0.2186256391459125,0.0,0.0,0.0,0.0,0.35752402408762063,10.0
0.0,0.0,-3.0165044627595057,0.12368250865798916,0.0,0.0,0.0,0.0,0.2186256391459125,10.0
0.0,0.0,-3.181777461255163,0.06144894121054873,0.0,0.0,0.0,0.0,0.12368250865798916,10.0
0.0,0.0,-3.352473587700726,0.023693059777649326,0.0,0.0,0.0,0.0,0.06144894121054873,10.0
0.0,0.0,-3.530166569146956,0.004397779761390904,0.0,0.0,0.0,0.0,0.023693059777649326,10.0
0.0,0.0,-3.7161962717210795,-0.0008258510993073518,0.0,0.0,0.0,0.0,0.004397779761390904,10.0
0.0,0.0,-3.911742083332751,0.004830640257627403,0.0,0.0,0.0,0.0,-0.0008258510993073518,10.0
0.0,0.0,-4.1178774898375075,0.019056975085395004,0.0,0.0,0.0,0.0,0.004830640257627403,10.0
0.0,0.0,-4.335610882728186,0.040192057014262456,0.0,0.0,0.0,0.0,0.019056975085395004,10.0
0.0,0.0,-4.565916300609367,0.06705368022205342,0.0,0.0,0.0,0.0,0.040192057014262456,10.0
0.0,0.0,-4.809756825916284,0.0988136086992612,0.0,0.0,0.0,0.0,0.06705368022205342,10.0
0.0,0.0,-5.06810263826447,0.13490598167986564,0.0,0.0,0.0,0.0,0.0988136086992612,10.0
0.0,0.0,-5.341945197208909,0.17496020058812686,0.0,0.0,0.0,0.0,0.13490598167986564,10.0
0.0,0.0,-5.632308639198226,0.21875180299372166,0.0,0.0,0.0,0.0,0.17496020058812686,10.0
0.0,0.0,-5.940259188787275,0.2661665549168105,0.0,0.0,0.0,0.0,0.21875180299372166,10.0
0.0,0.0,-6.266913175298016,0.31717426022890616,0.0,0.0,0.0,0.0,0.2661665549168105,10.0
0.0,0.0,-6.613444092957327,0.3718097166446446,0.0,0.0,0.0,0.0,0.31717426022890616,10.0
0.0,0.0,-6.981089030304798,0.4301589313297108,0.0,0.0,0.0,0.0,0.3718097166446446,10.0
0.0,0.0,-7.371154712496087,0.4923492111383618,0.0,0.0,0.0,0.0,0.4301589313297108,10.0
0.0,0.0,-7.785023340055794,0.5585421111700757,0.0,0.0,0.0,0.0,0.4923492111383618,10.0
0.0,0.0,-8.224158363804523,0.6289284961163801,0.0,0.0,0.0,0.0,0.5585421111700757,10.0
0.0,0.0,-8.690110303800362,0.7037251677647405,0.0,0.0,0.0,0.0,0.6289284961163801,10.0
0.0,0.0,-9.184522697040629,0.7831726581362671,0.0,0.0,0.0,0.0,0.7037251677647405,10.0
0.0,0.0,-9.709138242049939,0.8675338950838247,0.0,0.0,0.0,0.0,0.7831726581362671,10.0
0.0,0.0,-10.265805196635926,0.957093526067049,0.0,0.0,0.0,0.0,0.8675338950838247,10.0
0.0,0.0,-10.856484076778186,1.0521577438148049,0.0,0.0,0.0,0.0,0.957093526067049,10.0
0.0,0.0,-11.483254698914658,1.1530545002386219,0.0,0.0,0.0,0.0,1.0521577438148049,10.0
0.0,0.0,-12.148323604133251,1.2601340263519623,0.0,0.0,0.0,0.0,1.1530545002386219,10.0
0.0,0.0,-12.854031900474578,1.3737695990758638,0.0,0.0,0.0,0.0,1.2601340263519623,10.0
0.0,0.0,-13.602863558345653,1.4943585128716947,0.0,0.0,0.0,0.0,1.3737695990758638,10.0
0.0,0.0,-14.397454193672882,1.622323226752726,0.0,0.0,0.0,0.0,1.4943585128716947,10.0
0.0,0.0,-15.240600373695282,1.7581126665748403,0.0,0.0,0.0,0.0,1.622323226752726,10.0
0.0,0.0,-16.13526948107792,1.9022036694650417,0.0,0.0,0.0,0.0,1.7581126665748403,10.0
0.0,0.0,-17.08461017321176,2.055102562455215,0.0,0.0,0.0,0.0,1.9022036694650417,10.0
0.0,0.0,-18.09196347508897,2.2173468713185835,0.0,0.0,0.0,0.0,2.055102562455215,10.0
0.0,0.0,-19.160874545952524,2.3895071586036525,0.0,0.0,0.0,0.0,2.2173468713185835,10.0
0.0,0.0,-20.295105161981795,2.5721889921797394,0.0,0.0,0.0,0.0,2.3895071586036525,10.0
0.0,0.0,-21.498646959569243,2.7660350474367514,0.0,0.0,0.0,0.0,2.5721889921797394,10.0
0.0,0.0,-22.77573548625377,2.971727347757747,0.0,0.0,0.0,0.0,2.7660350474367514,10.0
0.0,0.0,-24.13086510909648,3.189989649107837,0.0,0.0,0.0,0.0,2.971727347757747,10.0
0.0,0.0,-25.568804833212493,3.421589975632384,0.0,0.0,0.0,0.0,3.189989649107837,10.0
0.0,0.0,-27.09461508630959,3.6673433140871023,0.0,0.0,0.0,0.0,3.421589975632384,10.0
0.0,0.0,-28.71366552843573,3.928114475774011,0.0,0.0,0.0,0.0,3.6673433140871023,10.0
0.0,0.0,-30.431653949709926,4.204821135461441,0.0,0.0,0.0,0.0,3.928114475774011,10.0
0.0,0.0,-32.25462632261368,4.498437057546799,0.0,0.0,0.0,0.0,4.204821135461441,10.0
0.0,0.0,-34.18899807946423,4.809995520495566,0.0,0.0,0.0,0.0,4.498437057546799,10.0
0.0,0.0,-36.24157668998842,5.140592951372777,0.0,0.0,0.0,0.0,4.809995520495566,10.0
0.0,0.0,-38.41958561848111,5.491392783085097,0.0,0.0,0.0,0.0,5.140592951372777,10.0
0.0,0.0,-40.73068974487933,5.863629547781141,0.0,0.0,0.0,0.0,5.491392783085097,10.0
0.0,0.0,-43.18302233922987,6.258613220722561,0.0,0.0,0.0,0.0,5.863629547781141,10.0
0.0,0.0,-45.78521368449052,6.677733829844486,0.0,0.0,0.0,0.0,6.258613220722561,10.0
0.0,0.0,-48.54642144840289,7.12246634717723,0.0,0.0,0.0,0.0,6.677733829844486,10.0
0.0,0.0,-51.47636291132816,7.594375879306272,0.0,0.0,0.0,0.0,7.12246634717723,10.0
0.0,0.0,-54.585349163466816,8.09512317510985,0.0,0.0,0.0,0.0,7.594375879306272,10.0
0.0,0.0,-57.884321391812946,8.626470470137143,0.0,0.0,0.0,0.0,8.09512317510985,10.0
0.0,0.0,-61.38488938454716,9.190287688180117,0.0,0.0,0.0,0.0,8.626470470137143,10.0
0.0,0.0,-65.0993723883749,9.788559021852889,0.0,0.0,0.0,0.0,9.190287688180117,10.0
0.0,0.0,-69.04084246259742,10.423389915329283,0.0,0.0,0.0,0.0,9.788559021852889,10.0
0.0,0.0,-73.2231704824883,11.097014473806501,0.0,0.0,0.0,0.0,10.423389915329283,10.0
0.0,0.0,-77.66107495387223,11.811803325766121,0.0,0.0,0.0,0.0,11.097014473806501,10.0
0.0,0.0,-82.3701738106953,12.5702719656984,0.0,0.0,0.0,0.0,11.811803325766121,10.0
0.0,0.0,-87.36703937787392,13.37508960664722,0.0,0.0,0.0,0.0,12.5702719656984,10.0
0.0,0.0,-92.66925669284872,14.229088573728236,0.0,0.0,0.0,0.0,13.37508960664722,10.0
0.0,0.0,-98.2954853910896,15.135274271676565,0.0,0.0,0.0,0.0,14.229088573728236,10.0
0.0,0.0,-104.26552537334044,16.09683576150118,0.0,0.0,0.0,0.0,15.135274271676565,10.0
0.0,0.0,-110.60038648570051,17.11715698346681,0.0,0.0,0.0,0.0,16.09683576150118,10.0
0.0,0.0,-117.32236245776195,18.1998286658989,0.0,0.0,0.0,0.0,17.11715698346681,10.0
0.0,0.0,-124.45510935900725,19.348660961720967,0.0,0.0,0.0,0.0,18.1998286658989,10.0
0.0,0.0,-132.02372884957188,20.567696857194683,0.0,0.0,0.0,0.0,19.348660961720967,10.0
0.0,0.0,-140.05485651834906,21.861226400050736,0.0,0.0,0.0,0.0,20.567696857194683,10.0
0.0,0.0,-148.57675561931745,23.23380179708224,0.0,0.0,0.0,0.0,21.861226400050736,10.0
0.0,0.0,-157.61941653597006,24.690253434332153,0.0,0.0,0.0,0.0,23.23380179708224,10.0
0.0,0.0,-167.21466232388067,26.23570687625305,0.0,0.0,0.0,0.0,24.690253434332153,10.0
0.0,0.0,-177.39626070283506,27.875600903663056,0.0,0.0,0.0,0.0,26.23570687625305,10.0
0.0,0.0,-188.20004289265074,29.615706653977067,0.0,0.0,0.0,0.0,27.875600903663056,10.0
0.0,0.0,-199.66402971089428,31.462147931072032,0.0,0.0,0.0,0.0,29.615706653977067,10.0
0.0,0.0,-211.82856537626094,33.42142275626085,0.0,0.0,0.0,0.0,31.462147931072032,10.0
0.0,0.0,-224.73645948849892,35.50042623621741,0.0,0.0,0.0,0.0,33.42142275626085,10.0
0.0,0.0,-238.4331376845366,37.70647482832993,0.0,0.0,0.0,0.0,35.50042623621741,10.0
0.0,0.0,-252.96680150100326,40.04733208887752,0.0,0.0,0.0,0.0,37.70647482832993,10.0
0.0,0.0,-268.3885980057338,42.53123599464313,0.0,0.0,0.0,0.0,40.04733208887752,10.0
0.0,0.0,-284.7527997952273,45.16692793411377,0.0,0.0,0.0,0.0,42.53123599464313,10.0
0.0,0.0,-302.1169959915084,47.96368347029404,0.0,0.0,0.0,0.0,45.16692793411377,10.0
0.0,0.0,-320.54229491055065,50.93134498339384,0.0,0.0,0.0,0.0,47.96368347029404,10.0
0.0,0.0,-340.0935391154951,54.08035630826694,0.0,0.0,0.0,0.0,50.93134498339384,10.0
0.0,0.0,-360.8395336114826,57.42179948849707,0.0,0.0,0.0,0.0,54.08035630826694,10.0
0.0,0.0,-382.8532879851657,60.967433776476675,0.0,0.0,0.0,0.0,57.42179948849707,10.0
0.0,0.0,-406.21227334104157,64.7297370167283,0.0,0.0,0.0,0.0,60.967433776476675,10.0
0.0,0.0,-430.9986949388189,68.72194955810498,0.0,0.0,0.0,0.0,64.7297370167283,10.0
0.0,0.0,-457.29978149128857,72.9581208494067,0.0,0.0,0.0,0.0,68.72194955810498,10.0
0.0,0.0,-485.2080921407988,77.45315888239193,0.0,0.0,0.0,0.0,72.9581208494067,10.0
0.0,0.0,-514.8218421946509,82.22288265618549,0.0,0.0,0.0,0.0,77.45315888239193,10.0
0.0,0.0,-546.2452487657475,87.28407784771595,0.0,0.0,0.0,0.0,82.22288265618549,10.0
